movimentacao|id;movimentacao|parceiro|nome;movimentacao|valorTotal;movimentacao|dataNegociacao;Pago;movimentacao|parceiro|cpfCnpj;movimentacao|parceiro|celular;movimentacao|situacaoFinanceira
11200;ESTEIO IMOBILIARIA LTDA;R$ 210,00;02/01/2026;1;92918942000171;11942226419;RECEBIDO
11203;RAIZ LOGISTICA EIRELI;R$ 110,00;04/01/2026;1;85421039000135;11916856127;RECEBIDO
11208;LAGOA IMOBILIARIA LTDA;R$ 170,00;10/01/2026;1;91552695000170;11932753265;RECEBIDO
11210;LUMEN EDUCACAO LTDA;R$ 110,00;12/01/2026;1;29319562000184;11961568717;RECEBIDO
11214;FONTE PARTICIPACOES LTDA;R$ 340,00;27/01/2026;1;94225575000156;11921586511;RECEBIDO
11216;CEDRO EDUCACAO LTDA;R$ 140,00;31/01/2026;1;20412137000160;11958798821;RECEBIDO
11254;CEDRO EVENTOS LTDA;R$ 210,00;10/02/2026;1;79410093000182;11996004603;RECEBIDO
11259;VARANDA ALIMENTOS LTDA;R$ 280,00;16/02/2026;1;06757005000140;11925191953;RECEBIDO
11261;CAMILA TEIXEIRA;R$ 210,00;18/01/2026;1;68106909724;11987875823;RECEBIDO
11264;BRISA SERVICOS EIRELI;R$ 210,00;13/01/2026;1;17294797000180;11939420504;RECEBIDO
11266;ORION CONTABILIDADE S/A;R$ 340,00;18/02/2026;1;38635609000100;11976554962;RECEBIDO
11269;PRIMA LOGISTICA LTDA;R$ 190,00;18/02/2026;1;77189150000110;11902035405;RECEBIDO
11274;ORION TURISMO ME;R$ 170,00;26/01/2026;1;22728126000110;11913508932;RECEBIDO
11276;RAIZ TECNOLOGIA LTDA;R$ 210,00;20/01/2026;1;02063133000132;11978007930;RECEBIDO
11279;DUNA PARTICIPACOES LTDA;R$ 210,00;19/01/2026;0;11143887000193;11994273252;PENDENTE
11282;GAIA MARKETING LTDA;R$ 140,00;26/02/2026;1;39377266000193;11960756656;RECEBIDO
11284;CAMPO LOGISTICA LTDA;R$ 340,00;29/01/2026;1;81484662000186;11953473918;RECEBIDO
11288;ZENITE SERVICOS LTDA;R$ 140,00;10/01/2026;1;26567281000152;11930647360;RECEBIDO
11290;ZENITE MANUTENCAO LTDA;R$ 210,00;02/02/2026;1;81500401000102;11949479590;RECEBIDO
11295;GAIA ODONTOLOGIA LTDA;R$ 140,00;18/01/2026;1;13433629000177;11924296937;RECEBIDO
11296;MIRANTE LOGISTICA S/A;R$ 210,00;01/03/2026;1;60510713000127;11913210753;RECEBIDO
11299;ESTEIO ENGENHARIA S/A;R$ 280,00;08/01/2026;0;65503571000194;11967622427;PENDENTE
11303;FAROL LOGISTICA LTDA;R$ 190,00;19/01/2026;1;98692469000133;11900675588;RECEBIDO
11306;ESTEIO CONTABILIDADE LTDA;R$ 140,00;09/02/2026;1;48865529000102;11963081006;RECEBIDO
11308;SIMONE REIS MELO;R$ 140,00;12/01/2026;1;99487423240;11989655820;RECEBIDO
11313;ORION DISTRIBUIDORA S/A;R$ 210,00;07/01/2026;1;80408558000140;11981635970;RECEBIDO
11316;ERVAL MANUTENCAO ME;R$ 210,00;24/02/2026;1;22709956000108;11903356695;RECEBIDO
11318;XISTO LOGISTICA LTDA;R$ 340,00;13/02/2026;0;70787640000179;11997521386;PENDENTE
11320;ORION MANUTENCAO ME;R$ 190,00;04/01/2026;0;36497321000190;11972802781;PENDENTE
11325;GIRASSOL DISTRIBUIDORA EIRELI;R$ 49,90;25/02/2026;0;29283601000130;11926980597;PENDENTE
11327;HORIZONTE TRANSPORTES LTDA;R$ 170,00;23/01/2026;0;00040430000137;11971300087;PENDENTE
11331;ORION CONTABILIDADE LTDA;R$ 190,00;25/01/2026;0;24029458000131;11947381214;PENDENTE
11332;FONTE TRANSPORTES LTDA;R$ 210,00;19/01/2026;0;53104152000109;11950156340;PENDENTE
11337;ERVAL MARKETING LTDA;R$ 190,00;30/01/2026;0;86211791000114;11931339780;PENDENTE
11340;VARANDA CONTABILIDADE EIRELI;R$ 210,00;02/02/2026;0;80683252000100;11998557968;PENDENTE
11342;NORTE ODONTOLOGIA EIRELI;R$ 210,00;02/02/2026;0;99328614000164;11923529067;PENDENTE
11346;ESTEIO CONSULTORIA ME;R$ 140,00;06/01/2026;0;03171882000146;11991657712;PENDENTE
11347;OLIVEIRA ALIMENTOS S/A;R$ 210,00;17/01/2026;0;67566765000164;11998423368;PENDENTE
11351;CEDRO COMERCIO LTDA;R$ 210,00;08/01/2026;0;55492427000146;11963280568;PENDENTE
11354;CAMILA TAVARES;R$ 190,00;26/02/2026;0;50475269642;11998844312;PENDENTE
11358;FONTE SERVICOS ME;R$ 210,00;02/02/2026;0;47683270000108;11992601570;PENDENTE
11361;IPE COMERCIO S/A;R$ 190,00;01/03/2026;0;04703776000129;11948138170;PENDENTE
11362;CARLOS EDUARDO RAMOS;R$ 210,00;02/02/2026;0;63202808574;11955874410;PENDENTE
11365;ALPHA PARTICIPACOES LTDA;R$ 110,00;10/02/2026;0;98665377000164;11965777271;PENDENTE
11368;CARLOS EDUARDO ANDRADE;R$ 140,00;15/02/2026;0;30782960936;11990161806;PENDENTE
11372;ERVAL TRANSPORTES LTDA;R$ 210,00;17/02/2026;0;98894611000125;11960292669;PENDENTE
11376;VERTICE IMOBILIARIA ME;R$ 110,00;29/01/2026;0;60995344000100;11964365126;PENDENTE
11377;JUREMA ALIMENTOS EIRELI;R$ 110,00;04/02/2026;0;31740563000140;11953000951;PENDENTE
11382;BOREAL CONSULTORIA LTDA;R$ 110,00;07/02/2026;0;37666895000108;11919473838;PENDENTE
11384;DUNA IMOBILIARIA EIRELI;R$ 280,00;13/02/2026;0;73299995000107;11996066844;PENDENTE
11387;IPE CONTABILIDADE ME;R$ 210,00;31/01/2026;0;60113195000108;11991872999;PENDENTE
11391;ZENITE TRANSPORTES LTDA;R$ 210,00;17/02/2026;0;41990198000185;11931209947;PENDENTE
11392;ZENITE CONTABILIDADE EIRELI;R$ 49,90;08/02/2026;0;20107888000173;11929376064;PENDENTE
11396;PRISCILA DIAS;R$ 340,00;26/01/2026;0;36332165814;11987146626;PENDENTE
11398;MIRANTE PARTICIPACOES LTDA;R$ 210,00;28/02/2026;0;70653558000151;11936652305;PENDENTE
11401;PRIMA MARKETING LTDA;R$ 210,00;11/01/2026;0;47119050000156;11978542131;PENDENTE
11404;EDUARDO ANDRADE;R$ 210,00;10/02/2026;0;35712459270;11920886174;PENDENTE
11408;UNIAO TECNOLOGIA S/A;R$ 340,00;18/02/2026;0;02938502000193;11904525468;PENDENTE
11412;KAIRO SERVICOS S/A;R$ 210,00;24/01/2026;0;08467881000167;11951605565;PENDENTE
11413;IPE DISTRIBUIDORA LTDA;R$ 210,00;15/02/2026;0;10893917000116;11932438857;PENDENTE
11416;CAMILA PIRES;R$ 170,00;16/01/2026;0;63515287908;11993397046;PENDENTE
11421;ESTEIO MARKETING S/A;R$ 49,90;27/02/2026;0;64401087000191;11978317778;PENDENTE
11423;ALPHA CONTABILIDADE S/A;R$ 140,00;07/01/2026;0;41727953000133;11923924859;PENDENTE
11425;ZENITE SERVICOS LTDA;R$ 49,90;24/01/2026;0;66575704000109;11913384914;PENDENTE
11430;PRIMA CONTABILIDADE EIRELI;R$ 210,00;08/02/2026;0;59692557000183;11979043854;PENDENTE
11433;BRISA LOGISTICA LTDA;R$ 340,00;23/01/2026;0;68835033000195;11909498646;PENDENTE
11435;PATRICIA ANDRADE;R$ 170,00;19/02/2026;0;28339552961;11984512439;PENDENTE
11439;RODRIGO BARROS;R$ 210,00;17/02/2026;0;80637998417;11929203305;PENDENTE
11440;MARIANA CARVALHO;R$ 340,00;20/01/2026;0;84030134596;11999065682;PENDENTE
11445;DELTA TURISMO S/A;R$ 110,00;16/01/2026;0;00430178000172;11974162018;PENDENTE
11448;HORIZONTE TRANSPORTES S/A;R$ 210,00;29/01/2026;0;13307031000131;11941764735;PENDENTE
11449;CEDRO CONSULTORIA LTDA;R$ 210,00;21/02/2026;1;12974465000122;11925243746;RECEBIDO
11454;ALPHA TRANSPORTES ME;R$ 170,00;06/01/2026;1;36370339000127;11948360276;RECEBIDO
11457;XISTO COMERCIO S/A;R$ 49,90;21/02/2026;1;43704429000172;11970234516;RECEBIDO
11459;ERVAL MARKETING LTDA;R$ 49,90;08/01/2026;1;22989506000108;11992638180;RECEBIDO
11463;CAMPO EDUCACAO EIRELI;R$ 110,00;01/02/2026;1;20282742000164;11965498505;RECEBIDO
11465;LUCIANA TAVARES;R$ 210,00;06/02/2026;1;90644437308;11920231544;RECEBIDO
11469;MARESIA PARTICIPACOES ME;R$ 140,00;01/03/2026;1;62751231000194;11904322439;RECEBIDO
11470;BOREAL ENGENHARIA ME;R$ 49,90;12/02/2026;1;44576782000187;11997399810;RECEBIDO
11475;DELTA CONSULTORIA ME;R$ 140,00;17/02/2026;0;25571362000163;11952926660;PENDENTE
11478;SOLAR IMOBILIARIA S/A;R$ 170,00;13/01/2026;0;70418389000175;11908563650;PENDENTE
11480;QUARTZO TECNOLOGIA LTDA;R$ 340,00;11/02/2026;1;14024763000187;11938658213;RECEBIDO
11484;FONTE TURISMO S/A;R$ 280,00;01/02/2026;1;20969238000137;11951347836;RECEBIDO
11485;THIAGO SALES;R$ 140,00;14/01/2026;1;38279496109;11920257289;RECEBIDO
11490;SIMONE COSTA LIMA;R$ 140,00;28/01/2026;1;43892764539;11962658827;RECEBIDO
11491;HORIZONTE COMERCIO LTDA;R$ 340,00;22/02/2026;1;42592964000116;11904957537;RECEBIDO
11494;MIRANTE TRANSPORTES LTDA;R$ 210,00;03/02/2026;1;01883310000164;11968603275;RECEBIDO
11499;ARARA ALIMENTOS S/A;R$ 190,00;24/01/2026;1;80238682000104;11971904346;RECEBIDO
11500;ORION ENGENHARIA EIRELI;R$ 210,00;06/01/2026;1;35210936000121;11997510762;RECEBIDO
11504;ARARA EVENTOS EIRELI;R$ 140,00;11/02/2026;1;52852273000168;11962622138;RECEBIDO
11506;RAIZ IMOBILIARIA LTDA;R$ 210,00;13/01/2026;1;71382474000193;11919645825;RECEBIDO
11510;MARESIA MARKETING EIRELI;R$ 280,00;11/02/2026;1;49739440000154;11941136467;RECEBIDO
11516;SERRA COMERCIO S/A;R$ 210,00;01/02/2026;1;16807947000149;11939740661;RECEBIDO
11525;JOAO VITOR TEIXEIRA;R$ 110,00;15/01/2026;1;22093711441;11904207560;RECEBIDO
11537;DUNA SERVICOS LTDA;R$ 210,00;15/01/2026;0;58432072000198;11943581926;PENDENTE
11544;INVERNO PARTICIPACOES S/A;R$ 210,00;17/02/2026;0;01809992000165;11947981925;PENDENTE
11545;UNIAO LOGISTICA S/A;R$ 49,90;12/02/2026;1;88303721000111;11921491890;RECEBIDO
11550;RAIZ EVENTOS S/A;R$ 210,00;20/01/2026;1;68931996000192;11921643274;RECEBIDO
11561;VARANDA ASSESSORIA EIRELI;R$ 210,00;09/02/2026;1;79300828000115;11976169875;RECEBIDO
11563;VANESSA PIRES;R$ 110,00;27/01/2026;1;76447523452;11960645507;RECEBIDO
11566;GAIA SERVICOS EIRELI;R$ 280,00;17/02/2026;1;98438981000158;11993806393;RECEBIDO
11588;DELTA LOGISTICA EIRELI;R$ 170,00;25/01/2026;0;99809096000109;11998545858;PENDENTE
11593;ORION COMERCIO S/A;R$ 210,00;01/03/2026;1;91371054000119;11935710492;RECEBIDO
11601;NORTE LOGISTICA ME;R$ 210,00;23/01/2026;0;95290525000115;11947531656;PENDENTE
11604;MARCOS AURELIO ANDRADE;R$ 210,00;05/02/2026;1;32633765815;11941328210;RECEBIDO
11606;MIRANTE MANUTENCAO LTDA;R$ 49,90;22/01/2026;0;62952523000195;11949423263;PENDENTE
11608;IPE TRANSPORTES EIRELI;R$ 190,00;27/01/2026;1;38446639000178;11955253232;RECEBIDO
11615;THIAGO MACHADO;R$ 170,00;24/02/2026;1;43585068079;11901862955;RECEBIDO
11626;ZENITE COMERCIO LTDA;R$ 170,00;24/01/2026;1;28977701000102;11999674427;RECEBIDO
11635;RODRIGO FONSECA;R$ 49,90;13/02/2026;1;96523149378;11906600006;RECEBIDO
11640;DUNA MARKETING LTDA;R$ 280,00;22/02/2026;1;93755787000182;11969430084;RECEBIDO
11644;TAMBORIL MARKETING EIRELI;R$ 110,00;25/01/2026;1;01182365000147;11963161810;RECEBIDO
11649;RIACHO DISTRIBUIDORA S/A;R$ 140,00;08/02/2026;1;09414613000140;11969407464;RECEBIDO
11650;GIRASSOL EDUCACAO ME;R$ 49,90;12/02/2026;1;97233850000171;11945589268;RECEBIDO
11654;ERVAL DISTRIBUIDORA S/A;R$ 49,90;11/01/2026;0;73663420000121;11958326658;PENDENTE
11657;ALPHA TRANSPORTES LTDA;R$ 340,00;30/01/2026;1;14612613000194;11927393381;RECEBIDO
11660;VARANDA LOGISTICA LTDA;R$ 280,00;03/01/2026;1;77600108000140;11975600524;RECEBIDO
11663;RIACHO EVENTOS LTDA;R$ 190,00;11/02/2026;1;89889415000171;11963430036;RECEBIDO
11666;SERRA ASSESSORIA ME;R$ 280,00;16/01/2026;1;07053600000167;11905378817;RECEBIDO
11675;FAROL LOGISTICA LTDA;R$ 210,00;20/02/2026;1;54942645000172;11900174800;RECEBIDO
11680;ARARA ODONTOLOGIA ME;R$ 210,00;20/02/2026;1;29734592000157;11935460192;RECEBIDO
11691;BOREAL ENGENHARIA ME;R$ 210,00;08/01/2026;1;61312857000131;11997236069;RECEBIDO
11704;XISTO DISTRIBUIDORA EIRELI;R$ 210,00;13/01/2026;1;60186705000177;11961952536;RECEBIDO
11707;VERTICE COMERCIO LTDA;R$ 210,00;01/01/2026;0;52315408000156;11969525256;PENDENTE
11715;SERRA ASSESSORIA LTDA;R$ 210,00;23/01/2026;1;14473960000183;11959531515;RECEBIDO
11717;LAGOA TURISMO S/A;R$ 340,00;20/01/2026;1;58187562000176;11999005783;RECEBIDO
11733;INVERNO MARKETING S/A;R$ 170,00;30/01/2026;1;11949491000138;11941797491;RECEBIDO
11737;OLIVEIRA ASSESSORIA S/A;R$ 280,00;09/02/2026;0;18981208000102;11946995744;PENDENTE
11748;CEDRO DISTRIBUIDORA LTDA;R$ 340,00;27/02/2026;1;88186984000198;11903885587;RECEBIDO
11750;XISTO TURISMO ME;R$ 140,00;28/01/2026;1;27630102000147;11999108616;RECEBIDO
11752;THIAGO COSTA LIMA;R$ 170,00;16/01/2026;1;19601482820;11971739198;RECEBIDO
11765;RIACHO LOGISTICA LTDA;R$ 190,00;09/01/2026;1;97301949000163;11933788892;RECEBIDO
11775;PRIMA PARTICIPACOES LTDA;R$ 210,00;19/01/2026;1;05948861000110;11981187671;RECEBIDO
11791;FONTE IMOBILIARIA LTDA;R$ 110,00;16/02/2026;1;00833020000143;11901126061;RECEBIDO
11798;UNIAO SERVICOS S/A;R$ 110,00;12/02/2026;0;25634453000109;11932050490;PENDENTE
11801;ALPHA DISTRIBUIDORA LTDA;R$ 210,00;19/01/2026;1;69348870000152;11925065613;RECEBIDO
11805;ESTEIO ASSESSORIA EIRELI;R$ 49,90;01/03/2026;1;31291589000158;11918375639;RECEBIDO
11819;GUSTAVO REIS MELO;R$ 340,00;25/02/2026;1;92626150676;11950359425;RECEBIDO
11824;CARLOS EDUARDO FONSECA;R$ 190,00;06/02/2026;1;23556715221;11961759672;RECEBIDO
11830;BRISA ASSESSORIA ME;R$ 210,00;07/01/2026;1;38304710000188;11976630862;RECEBIDO
11835;BOREAL SERVICOS LTDA;R$ 210,00;14/02/2026;1;62781121000175;11991454919;RECEBIDO
11842;TRILHA MANUTENCAO S/A;R$ 210,00;28/01/2026;1;91992050000158;11930282442;RECEBIDO
11859;RAIZ CONSULTORIA LTDA;R$ 170,00;23/01/2026;0;66914248000176;11967329927;PENDENTE
11860;HORIZONTE CONSULTORIA LTDA;R$ 210,00;25/02/2026;1;59567501000105;11967493854;RECEBIDO
11876;BOREAL LOGISTICA LTDA;R$ 49,90;14/02/2026;1;63881746000171;11933250914;RECEBIDO
11880;LEANDRO FONSECA;R$ 340,00;17/02/2026;1;73007853643;11936778759;RECEBIDO
11884;LUCIANA NUNES ABREU;R$ 210,00;22/02/2026;1;84374399802;11955663291;RECEBIDO
11887;LUMEN TECNOLOGIA LTDA;R$ 49,90;23/02/2026;1;46967880000170;11928298799;RECEBIDO
11898;FONTE ASSESSORIA ME;R$ 190,00;28/02/2026;1;18183474000181;11985719191;RECEBIDO
11912;JUREMA EDUCACAO LTDA;R$ 110,00;08/02/2026;1;17385019000104;11984375087;RECEBIDO
11918;CAMPO SERVICOS EIRELI;R$ 49,90;04/02/2026;1;61408727000105;11952444448;RECEBIDO
11920;TAMBORIL IMOBILIARIA LTDA;R$ 210,00;02/02/2026;1;44842714000112;11940298087;RECEBIDO
11933;ARARA SEGURANCA EIRELI;R$ 280,00;09/01/2026;1;57092489000196;11954514636;RECEBIDO
11935;CEDRO MANUTENCAO LTDA;R$ 210,00;27/01/2026;1;33709549000109;11924945495;RECEBIDO
11942;FAROL TURISMO LTDA;R$ 110,00;17/01/2026;1;23699894000155;11995326851;RECEBIDO
11945;QUARTZO ODONTOLOGIA LTDA;R$ 190,00;27/02/2026;1;99172703000164;11985988791;RECEBIDO
11947;ZENITE IMOBILIARIA EIRELI;R$ 210,00;01/02/2026;1;77814860000193;11963525383;RECEBIDO
11954;MIRANTE ALIMENTOS EIRELI;R$ 190,00;23/01/2026;1;32223907000106;11900164842;RECEBIDO
11956;LUMEN EVENTOS S/A;R$ 49,90;29/01/2026;1;01949104000100;11988641738;RECEBIDO
11966;ZENITE CONTABILIDADE ME;R$ 210,00;27/02/2026;1;32397823000199;11922888269;RECEBIDO
11969;JUREMA ODONTOLOGIA ME;R$ 280,00;13/02/2026;1;43685960000145;11947242480;RECEBIDO
11975;QUARTZO TRANSPORTES ME;R$ 190,00;12/01/2026;0;95718908000141;11931290962;PENDENTE
11983;HORIZONTE EVENTOS LTDA;R$ 49,90;27/01/2026;1;63020287000131;11949397066;RECEBIDO
11988;PRISCILA REIS MELO;R$ 110,00;10/02/2026;1;78861434581;11941127220;RECEBIDO
11990;EDUARDO RAMOS;R$ 340,00;22/01/2026;1;17252392863;11937014865;RECEBIDO
12006;ARARA TECNOLOGIA LTDA;R$ 170,00;21/02/2026;1;40662500000103;11927931556;RECEBIDO
12010;ESTEIO SERVICOS ME;R$ 110,00;28/01/2026;0;21301169000151;11951220370;PENDENTE
12015;PEDRA DISTRIBUIDORA ME;R$ 280,00;17/02/2026;0;14383513000133;11984967344;PENDENTE
12017;DUNA EDUCACAO LTDA;R$ 340,00;12/02/2026;1;01296611000191;11913466714;RECEBIDO
12021;HORIZONTE ASSESSORIA LTDA;R$ 190,00;13/01/2026;1;77295069000114;11905999926;RECEBIDO
12023;PEDRA LOGISTICA EIRELI;R$ 110,00;24/02/2026;1;40127643000115;11965672144;RECEBIDO
12026;RAIZ ENGENHARIA ME;R$ 190,00;15/02/2026;1;33421774000145;11957752284;RECEBIDO
12028;MARESIA CONTABILIDADE S/A;R$ 170,00;04/01/2026;1;16111103000169;11902929561;RECEBIDO
12031;ARARA EVENTOS ME;R$ 210,00;23/02/2026;1;86436279000176;11952959093;RECEBIDO
12034;BRISA TURISMO S/A;R$ 170,00;30/01/2026;0;66452801000104;11999211571;PENDENTE
12039;DELTA PARTICIPACOES ME;R$ 340,00;14/02/2026;1;47444731000190;11919263134;RECEBIDO
12043;ANA BEATRIZ COSTA LIMA;R$ 210,00;13/02/2026;0;99458814092;11902148688;PENDENTE
12051;SIMONE REIS MELO;R$ 110,00;06/02/2026;0;82364094283;11995221028;PENDENTE
12062;NORTE TURISMO LTDA;R$ 210,00;04/01/2026;1;01374988000111;11914391913;RECEBIDO
12068;BRISA TECNOLOGIA ME;R$ 280,00;02/01/2026;1;59384825000108;11901329405;RECEBIDO
12073;RENATA RAMOS;R$ 280,00;05/01/2026;1;77924704462;11995873630;RECEBIDO
12076;KAIRO SEGURANCA ME;R$ 210,00;16/01/2026;0;70816505000104;11960775947;PENDENTE
12080;RENATA PIRES;R$ 210,00;27/02/2026;1;37183043709;11994434902;RECEBIDO
12090;TAMBORIL LOGISTICA EIRELI;R$ 140,00;26/02/2026;1;50037603000136;11906271990;RECEBIDO
12105;RAIZ MARKETING ME;R$ 170,00;26/02/2026;1;57829002000105;11999997983;RECEBIDO
12110;MARIANA MENDES FARIA;R$ 340,00;13/02/2026;1;67514701450;11966258359;RECEBIDO
12112;NORTE ODONTOLOGIA S/A;R$ 280,00;28/01/2026;1;20754155000120;11922551623;RECEBIDO
12117;RENATA PIRES;R$ 210,00;26/01/2026;1;16902251331;11998876369;RECEBIDO
12123;RAIZ ENGENHARIA LTDA;R$ 190,00;01/01/2026;1;24026357000107;11959897346;RECEBIDO
12129;ERVAL MARKETING S/A;R$ 190,00;27/02/2026;1;14418850000119;11951466900;RECEBIDO
12130;DUNA CONSULTORIA S/A;R$ 210,00;26/01/2026;1;97421887000123;11978435752;RECEBIDO
12142;BOREAL ASSESSORIA LTDA;R$ 210,00;15/02/2026;1;38841235000189;11993483867;RECEBIDO
12147;ALPHA EDUCACAO S/A;R$ 280,00;01/01/2026;1;71877491000100;11965968283;RECEBIDO
12168;QUARTZO MANUTENCAO LTDA;R$ 210,00;15/01/2026;1;79333122000150;11901631847;RECEBIDO
12169;CAMPO SEGURANCA S/A;R$ 110,00;15/02/2026;1;01668079000196;11977385968;RECEBIDO
12186;GIRASSOL LOGISTICA ME;R$ 110,00;15/01/2026;1;43784869000187;11973552418;RECEBIDO
12206;PEDRA IMOBILIARIA EIRELI;R$ 110,00;26/02/2026;1;31431663000194;11951511462;RECEBIDO
12208;CAMPO ODONTOLOGIA LTDA;R$ 170,00;08/02/2026;1;34273728000109;11937551181;RECEBIDO
12215;CEDRO ALIMENTOS LTDA;R$ 210,00;21/01/2026;1;96961317000163;11907051314;RECEBIDO
12232;ORION CONSULTORIA EIRELI;R$ 140,00;24/01/2026;0;89116876000101;11981023113;PENDENTE
12235;SOLAR ASSESSORIA LTDA;R$ 210,00;29/01/2026;1;48253163000102;11944556433;RECEBIDO
12248;KAIRO MANUTENCAO LTDA;R$ 210,00;24/01/2026;1;24518690000133;11944204112;RECEBIDO
12252;SERRA ASSESSORIA ME;R$ 340,00;22/01/2026;1;94923252000136;11977334665;RECEBIDO
12265;CARLOS EDUARDO TEIXEIRA;R$ 280,00;06/02/2026;1;32223325188;11943859168;RECEBIDO
12269;VERTICE ODONTOLOGIA S/A;R$ 170,00;16/01/2026;1;87356817000185;11922727581;RECEBIDO
12282;MARESIA ASSESSORIA EIRELI;R$ 210,00;14/01/2026;1;68797850000104;11986612712;RECEBIDO
12285;ZENITE TURISMO LTDA;R$ 210,00;16/01/2026;1;21021075000129;11964581597;RECEBIDO
12288;ORION SEGURANCA S/A;R$ 110,00;12/01/2026;0;44895944000140;11907961012;PENDENTE
12299;ALPHA TURISMO EIRELI;R$ 210,00;26/02/2026;1;75573045000154;11948879443;RECEBIDO
12305;JUREMA TECNOLOGIA EIRELI;R$ 110,00;30/01/2026;1;87715564000199;11969319392;RECEBIDO
12309;QUARTZO MANUTENCAO EIRELI;R$ 110,00;05/02/2026;1;22970923000109;11971850853;RECEBIDO
12312;JUREMA CONSULTORIA LTDA;R$ 210,00;24/02/2026;1;68819245000189;11967218136;RECEBIDO
12315;DELTA TRANSPORTES ME;R$ 210,00;26/01/2026;1;60151267000101;11932711094;RECEBIDO
12316;SERRA LOGISTICA S/A;R$ 340,00;14/02/2026;1;51682952000173;11991387085;RECEBIDO
12319;GAIA TRANSPORTES LTDA;R$ 190,00;03/01/2026;1;09742921000102;11910053023;RECEBIDO
12336;VANESSA FONSECA;R$ 140,00;26/01/2026;1;50369995758;11900273872;RECEBIDO
12344;BRISA EDUCACAO EIRELI;R$ 210,00;04/02/2026;1;08880670000151;11908891152;RECEBIDO
12349;MARESIA EVENTOS ME;R$ 340,00;01/01/2026;1;65981775000130;11925597454;RECEBIDO
12352;DELTA LOGISTICA S/A;R$ 210,00;02/02/2026;1;73410032000139;11970419493;RECEBIDO
12356;CAMPO PARTICIPACOES LTDA;R$ 110,00;23/02/2026;1;91868954000176;11964946076;RECEBIDO
12359;CEDRO MANUTENCAO LTDA;R$ 140,00;03/02/2026;1;13698622000187;11940818663;RECEBIDO
12363;FAROL ENGENHARIA LTDA;R$ 49,90;25/02/2026;1;75065258000175;11917251999;RECEBIDO
12369;FONTE COMERCIO EIRELI;R$ 190,00;15/02/2026;1;35011380000144;11976452076;RECEBIDO
12372;JUREMA LOGISTICA LTDA;R$ 210,00;23/01/2026;1;83556441000100;11904663620;RECEBIDO
12380;BRISA TURISMO S/A;R$ 110,00;17/02/2026;1;58179712000108;11998927876;RECEBIDO
12382;SIMONE REIS MELO;R$ 170,00;11/02/2026;1;91540672771;11918431004;RECEBIDO
12393;SERRA DISTRIBUIDORA S/A;R$ 210,00;29/01/2026;1;35151407000102;11962125898;RECEBIDO
12396;CAMPO SERVICOS ME;R$ 210,00;28/02/2026;0;79145674000134;11905378491;PENDENTE
12399;SIMONE FONSECA;R$ 170,00;16/01/2026;1;83416807801;11993610782;RECEBIDO
12402;OLIVEIRA EVENTOS ME;R$ 210,00;12/01/2026;1;00551324000118;11966886764;RECEBIDO
12407;SERRA ASSESSORIA S/A;R$ 340,00;12/02/2026;1;91935700000123;11997632750;RECEBIDO
12412;LAGOA EVENTOS ME;R$ 170,00;03/01/2026;1;39625883000160;11958539969;RECEBIDO
12415;DELTA PARTICIPACOES LTDA;R$ 170,00;06/02/2026;1;31000891000100;11908011751;RECEBIDO
12422;FONTE DISTRIBUIDORA EIRELI;R$ 190,00;26/02/2026;1;96196052000154;11919581355;RECEBIDO
12424;RIACHO PARTICIPACOES S/A;R$ 340,00;30/01/2026;1;10453453000127;11944801431;RECEBIDO
12432;QUARTZO CONTABILIDADE S/A;R$ 49,90;28/02/2026;1;23341439000183;11915624132;RECEBIDO
12439;ALPHA SEGURANCA ME;R$ 110,00;09/02/2026;0;72872008000159;11929669946;PENDENTE
12446;TRILHA EDUCACAO S/A;R$ 110,00;12/02/2026;1;85697905000115;11984800329;RECEBIDO
12457;ALPHA TRANSPORTES S/A;R$ 110,00;16/01/2026;0;14485312000147;11945619413;PENDENTE
12460;RIACHO ODONTOLOGIA ME;R$ 340,00;10/02/2026;0;88802843000152;11973680990;PENDENTE
12468;VANESSA ANDRADE;R$ 210,00;08/01/2026;1;36518417951;11908590820;RECEBIDO
12471;INVERNO COMERCIO S/A;R$ 110,00;05/01/2026;1;78871494000177;11952267215;RECEBIDO
12479;PRIMA LOGISTICA EIRELI;R$ 210,00;15/02/2026;1;73765736000124;11981101935;RECEBIDO
12482;RODRIGO FONSECA;R$ 170,00;22/01/2026;1;90741699293;11912204405;RECEBIDO
12494;KAIRO ALIMENTOS LTDA;R$ 280,00;27/02/2026;1;01595398000119;11943250802;RECEBIDO
12498;RENATA BARROS;R$ 110,00;22/02/2026;1;61033759252;11982280123;RECEBIDO
12501;LAGOA EVENTOS LTDA;R$ 340,00;14/02/2026;1;21367775000170;11909024626;RECEBIDO
12506;INVERNO ENGENHARIA LTDA;R$ 49,90;09/02/2026;1;92948246000108;11933780412;RECEBIDO
12510;SOLAR MANUTENCAO LTDA;R$ 210,00;24/02/2026;1;66085474000191;11937294234;RECEBIDO
12528;SOLAR ENGENHARIA ME;R$ 210,00;18/01/2026;0;22530431000100;11960492943;PENDENTE
12538;UNIAO MANUTENCAO LTDA;R$ 340,00;03/01/2026;1;57151714000118;11958148294;RECEBIDO
12546;MARCOS AURELIO TAVARES;R$ 280,00;19/02/2026;0;18385175707;11933365251;PENDENTE
12554;GIRASSOL ASSESSORIA LTDA;R$ 49,90;04/02/2026;1;60507017000161;11919839948;RECEBIDO
12564;BOREAL LOGISTICA EIRELI;R$ 170,00;14/02/2026;1;85651903000195;11984742081;RECEBIDO
12565;SERRA ASSESSORIA LTDA;R$ 190,00;13/02/2026;1;22899359000185;11928912023;RECEBIDO
12570;HORIZONTE LOGISTICA EIRELI;R$ 280,00;04/01/2026;1;67643331000110;11948870658;RECEBIDO
12575;FONTE TECNOLOGIA LTDA;R$ 340,00;14/01/2026;1;23288331000174;11952339243;RECEBIDO
12578;HORIZONTE SERVICOS EIRELI;R$ 49,90;05/02/2026;0;99863655000150;11961613520;PENDENTE
12583;CAMPO SERVICOS EIRELI;R$ 170,00;19/01/2026;0;93698624000105;11943356944;PENDENTE
12587;PRIMA MANUTENCAO LTDA;R$ 170,00;01/02/2026;1;88922101000160;11970889053;RECEBIDO
12590;NORTE ALIMENTOS LTDA;R$ 49,90;28/01/2026;1;81988124000129;11941848282;RECEBIDO
12593;TRILHA TRANSPORTES S/A;R$ 340,00;05/02/2026;0;34071496000106;11999589489;PENDENTE
12595;FELIPE MACHADO;R$ 170,00;14/02/2026;0;92885391886;11934278602;PENDENTE
12600;CEDRO MANUTENCAO LTDA;R$ 190,00;07/02/2026;1;42343770000187;11940662494;RECEBIDO
12609;TRILHA TURISMO LTDA;R$ 210,00;05/02/2026;1;75081619000177;11966215583;RECEBIDO
12615;FAROL PARTICIPACOES S/A;R$ 210,00;26/02/2026;1;58553216000164;11916546229;RECEBIDO
12619;TRILHA EDUCACAO EIRELI;R$ 340,00;30/01/2026;0;20065666000135;11924848680;PENDENTE
12629;NORTE EDUCACAO S/A;R$ 210,00;29/01/2026;1;30442228000100;11920768366;RECEBIDO
12639;JOAO VITOR REIS MELO;R$ 340,00;23/02/2026;1;86024034293;11974058174;RECEBIDO
12643;HORIZONTE EVENTOS LTDA;R$ 210,00;28/02/2026;1;22832151000149;11930041106;RECEBIDO
12651;SOLAR TECNOLOGIA S/A;R$ 49,90;05/02/2026;1;16201805000133;11948900940;RECEBIDO
12653;PRIMA ASSESSORIA EIRELI;R$ 110,00;31/01/2026;1;07700785000154;11972954991;RECEBIDO
12662;GAIA EVENTOS EIRELI;R$ 190,00;01/02/2026;1;33719084000177;11915306380;RECEBIDO
12664;SERRA MANUTENCAO LTDA;R$ 280,00;09/02/2026;1;67149726000161;11973086714;RECEBIDO
12669;ARARA TRANSPORTES ME;R$ 190,00;06/01/2026;1;51124909000192;11910117331;RECEBIDO
12678;MARESIA ENGENHARIA LTDA;R$ 190,00;26/02/2026;1;47650331000130;11931357115;RECEBIDO
12707;CAMILA MACHADO;R$ 190,00;07/02/2026;0;65730873696;11995707257;PENDENTE
12713;CARLOS EDUARDO REIS MELO;R$ 190,00;03/02/2026;1;36376041494;11949183165;RECEBIDO
12716;SERRA MANUTENCAO EIRELI;R$ 170,00;26/01/2026;1;02829760000131;11958537487;RECEBIDO
12722;BOREAL CONSULTORIA LTDA;R$ 190,00;14/01/2026;0;34645221000139;11981372649;PENDENTE
12728;RIACHO SERVICOS LTDA;R$ 280,00;27/02/2026;1;12229137000100;11995228891;RECEBIDO
12738;SOLAR COMERCIO LTDA;R$ 280,00;23/01/2026;1;42667614000171;11979999212;RECEBIDO
12741;NORTE CONTABILIDADE LTDA;R$ 170,00;23/02/2026;1;64133909000109;11983601590;RECEBIDO
12742;ZENITE MANUTENCAO ME;R$ 210,00;13/02/2026;0;70054332000134;11992842293;PENDENTE
12760;RAIZ SEGURANCA S/A;R$ 340,00;21/02/2026;1;01860060000147;11959704090;RECEBIDO
12763;ESTEIO DISTRIBUIDORA LTDA;R$ 340,00;21/02/2026;0;36098444000159;11941172983;PENDENTE
12776;XISTO TECNOLOGIA EIRELI;R$ 170,00;12/02/2026;1;47552079000127;11944436623;RECEBIDO
12780;ANA BEATRIZ ANDRADE;R$ 210,00;26/01/2026;1;71870150673;11968175183;RECEBIDO
12793;JOAO VITOR ANDRADE;R$ 140,00;21/01/2026;1;15990941617;11965083026;RECEBIDO
12802;ARARA ALIMENTOS LTDA;R$ 140,00;02/02/2026;1;20588104000176;11917306491;RECEBIDO
12808;SERRA SERVICOS LTDA;R$ 210,00;16/01/2026;1;20265646000108;11900455531;RECEBIDO
12813;TAMBORIL ASSESSORIA S/A;R$ 110,00;11/02/2026;0;38782082000146;11964018760;PENDENTE
12819;RIACHO TRANSPORTES S/A;R$ 140,00;04/01/2026;0;48410928000170;11995961607;PENDENTE
12827;BOREAL CONTABILIDADE LTDA;R$ 140,00;11/01/2026;1;81724698000190;11994682027;RECEBIDO
12831;VARANDA MARKETING LTDA;R$ 210,00;01/01/2026;1;47935636000199;11935457389;RECEBIDO
12835;MIRANTE CONTABILIDADE ME;R$ 280,00;05/01/2026;1;45007143000163;11914890156;RECEBIDO
12857;CEDRO EDUCACAO EIRELI;R$ 340,00;01/02/2026;0;37053436000159;11903538761;PENDENTE
12861;ERVAL COMERCIO LTDA;R$ 280,00;25/02/2026;1;60597559000172;11966931861;RECEBIDO
12865;LAGOA LOGISTICA EIRELI;R$ 210,00;24/02/2026;1;70521190000178;11935702930;RECEBIDO
12868;SOLAR SEGURANCA EIRELI;R$ 280,00;23/02/2026;0;65569639000138;11900723954;PENDENTE
12872;SERRA ALIMENTOS LTDA;R$ 170,00;03/02/2026;0;56798850000131;11960813964;PENDENTE
12879;FAROL ALIMENTOS EIRELI;R$ 110,00;30/01/2026;1;06349917000182;11943354196;RECEBIDO
12883;TAMBORIL COMERCIO S/A;R$ 170,00;05/01/2026;1;82040306000136;11953302579;RECEBIDO
12888;BRISA EDUCACAO LTDA;R$ 170,00;19/02/2026;0;29090729000188;11962677823;PENDENTE
12905;KAIRO COMERCIO LTDA;R$ 340,00;11/02/2026;1;51301297000166;11954251075;RECEBIDO
12924;RIACHO SEGURANCA LTDA;R$ 210,00;26/02/2026;1;74889543000148;11912709252;RECEBIDO
12926;GAIA LOGISTICA LTDA;R$ 210,00;25/01/2026;1;35701524000194;11996486645;RECEBIDO
12929;SIMONE DIAS;R$ 170,00;14/01/2026;1;28426931326;11939215209;RECEBIDO
12944;ERVAL SERVICOS LTDA;R$ 110,00;07/01/2026;0;36929623000190;11938548876;PENDENTE
12950;BOREAL SEGURANCA LTDA;R$ 140,00;18/01/2026;1;37484787000114;11994474033;RECEBIDO
12954;LUMEN ODONTOLOGIA LTDA;R$ 280,00;08/02/2026;0;21604705000198;11955681325;PENDENTE
12955;SIMONE CARVALHO;R$ 190,00;15/01/2026;0;23142042768;11991238925;PENDENTE
12966;RIACHO EVENTOS S/A;R$ 210,00;04/01/2026;0;88606897000142;11986393171;PENDENTE
12967;LEANDRO COSTA LIMA;R$ 140,00;01/02/2026;0;20628322813;11937420961;PENDENTE
12974;ZENITE SEGURANCA EIRELI;R$ 280,00;19/02/2026;1;71330607000188;11926924903;RECEBIDO
12983;FAROL TURISMO S/A;R$ 210,00;17/01/2026;0;99736978000183;11993466651;PENDENTE
12989;LUMEN ASSESSORIA LTDA;R$ 110,00;30/01/2026;1;56275027000141;11944422992;RECEBIDO
12996;DUNA TRANSPORTES LTDA;R$ 190,00;11/01/2026;1;24627684000114;11935469320;RECEBIDO
13010;QUARTZO EVENTOS EIRELI;R$ 190,00;28/02/2026;1;76807535000130;11993196270;RECEBIDO
13014;VARANDA CONTABILIDADE LTDA;R$ 140,00;15/01/2026;1;43419637000120;11955509319;RECEBIDO
13017;THIAGO RAMOS;R$ 140,00;28/02/2026;1;89067418440;11924587343;RECEBIDO
13025;DELTA ASSESSORIA S/A;R$ 340,00;08/02/2026;1;16239030000195;11974079401;RECEBIDO
13029;TAMBORIL SERVICOS EIRELI;R$ 190,00;25/01/2026;1;88047756000137;11941333799;RECEBIDO
13036;ARARA EVENTOS LTDA;R$ 210,00;01/02/2026;1;60370917000100;11951233873;RECEBIDO
13042;ERVAL EVENTOS LTDA;R$ 210,00;31/01/2026;1;59435732000157;11908259228;RECEBIDO
13048;QUARTZO IMOBILIARIA EIRELI;R$ 140,00;24/01/2026;1;96894511000173;11909066535;RECEBIDO
13051;VANESSA PIRES;R$ 280,00;25/01/2026;1;26745346314;11986144880;RECEBIDO
13058;SOLAR ODONTOLOGIA LTDA;R$ 210,00;26/02/2026;0;41715840000118;11979050364;PENDENTE
13073;QUARTZO LOGISTICA S/A;R$ 49,90;01/02/2026;1;45236784000190;11931118305;RECEBIDO
13075;PRISCILA REIS MELO;R$ 210,00;16/01/2026;1;65562652771;11932913636;RECEBIDO
13082;JUREMA PARTICIPACOES LTDA;R$ 340,00;03/01/2026;1;06282600000176;11933408245;RECEBIDO
13088;INVERNO TECNOLOGIA LTDA;R$ 110,00;31/01/2026;0;20521327000116;11922903036;PENDENTE
13091;NORTE TECNOLOGIA LTDA;R$ 210,00;24/02/2026;1;55034437000138;11977841098;RECEBIDO
13097;INVERNO TURISMO LTDA;R$ 49,90;16/02/2026;1;11218370000116;11945986011;RECEBIDO
13102;LAGOA PARTICIPACOES LTDA;R$ 340,00;31/01/2026;1;56637507000105;11907696913;RECEBIDO
13107;VARANDA DISTRIBUIDORA LTDA;R$ 210,00;09/02/2026;1;63440120000120;11924965549;RECEBIDO
13108;CAMPO PARTICIPACOES LTDA;R$ 140,00;04/01/2026;1;53663810000194;11930198350;RECEBIDO
13115;GUSTAVO COSTA LIMA;R$ 280,00;10/01/2026;1;10124459453;11904900041;RECEBIDO
13124;THIAGO SALES;R$ 49,90;10/02/2026;1;38029568414;11975648952;RECEBIDO
13126;GIRASSOL MANUTENCAO LTDA;R$ 190,00;24/01/2026;0;82339834000190;11903368510;PENDENTE
13134;ANA BEATRIZ RAMOS;R$ 49,90;06/01/2026;1;92770948335;11904832058;RECEBIDO
13135;IPE CONSULTORIA LTDA;R$ 110,00;29/01/2026;1;23468821000152;11984877825;RECEBIDO
13140;MIRANTE LOGISTICA EIRELI;R$ 210,00;13/02/2026;1;24091593000107;11944434174;RECEBIDO
13150;PATRICIA REIS MELO;R$ 210,00;30/01/2026;1;87622735276;11938396978;RECEBIDO
13168;FAROL MARKETING LTDA;R$ 210,00;21/01/2026;1;55038332000157;11918173262;RECEBIDO
13171;VANESSA MORAES;R$ 340,00;28/02/2026;0;67099059051;11965740780;PENDENTE
13182;MIRANTE TECNOLOGIA LTDA;R$ 210,00;01/03/2026;1;05692169000173;11924701579;RECEBIDO
13190;ZENITE CONTABILIDADE LTDA;R$ 210,00;09/01/2026;1;98899721000180;11914792826;RECEBIDO
13203;DUNA COMERCIO EIRELI;R$ 190,00;14/01/2026;0;17563003000136;11990899505;PENDENTE
13208;FONTE IMOBILIARIA LTDA;R$ 340,00;18/01/2026;1;36925395000180;11918904673;RECEBIDO
13212;RODRIGO MACHADO;R$ 49,90;05/01/2026;1;73249015975;11953343147;RECEBIDO
13214;HORIZONTE EDUCACAO LTDA;R$ 210,00;10/02/2026;1;62777460000188;11952770448;RECEBIDO
13225;LUCIANA COSTA LIMA;R$ 170,00;01/01/2026;1;67633222248;11952366647;RECEBIDO
13232;ORION MARKETING LTDA;R$ 340,00;25/02/2026;1;07800146000160;11951750478;RECEBIDO
13234;PEDRA COMERCIO EIRELI;R$ 210,00;24/02/2026;1;09113403000111;11999536601;RECEBIDO
13239;BRISA DISTRIBUIDORA EIRELI;R$ 190,00;07/02/2026;1;44849159000150;11967986554;RECEBIDO
13251;TAMBORIL COMERCIO ME;R$ 190,00;10/02/2026;1;05174675000170;11921285655;RECEBIDO
13260;IPE ALIMENTOS LTDA;R$ 280,00;03/02/2026;1;09233763000157;11931781456;RECEBIDO
13262;ARARA MARKETING LTDA;R$ 280,00;26/01/2026;1;39114178000107;11994146809;RECEBIDO
13265;PRIMA EDUCACAO EIRELI;R$ 210,00;19/02/2026;1;53814480000190;11997540902;RECEBIDO
13267;CARLOS EDUARDO MENDES FARIA;R$ 49,90;25/02/2026;0;09283833377;11989992362;PENDENTE
13270;UNIAO LOGISTICA ME;R$ 210,00;23/02/2026;1;90250604000189;11904686432;RECEBIDO
13274;RENATA DIAS;R$ 210,00;03/01/2026;0;98612203177;11975211243;PENDENTE
13285;VANESSA REIS MELO;R$ 190,00;24/02/2026;1;32563244227;11932467285;RECEBIDO
13295;FAROL SERVICOS S/A;R$ 190,00;28/01/2026;1;27223120000104;11972388299;RECEBIDO
13299;RENATA COSTA LIMA;R$ 210,00;14/02/2026;1;07858528841;11929134402;RECEBIDO
13301;THIAGO BARROS;R$ 210,00;04/02/2026;1;88873412705;11968021394;RECEBIDO
13306;SERRA ASSESSORIA S/A;R$ 170,00;07/02/2026;1;44589916000102;11935093634;RECEBIDO
13310;TAMBORIL IMOBILIARIA EIRELI;R$ 280,00;10/02/2026;1;55898874000108;11991435403;RECEBIDO
13316;ORION CONTABILIDADE ME;R$ 210,00;27/02/2026;1;30334807000121;11911309378;RECEBIDO
13328;GAIA SEGURANCA S/A;R$ 49,90;09/01/2026;1;37831056000106;11998035293;RECEBIDO
13330;TAMBORIL ALIMENTOS LTDA;R$ 49,90;04/01/2026;1;44242977000190;11941285689;RECEBIDO
13340;LUMEN ALIMENTOS S/A;R$ 210,00;29/01/2026;0;44317426000149;11934164262;PENDENTE
13344;NORTE SERVICOS ME;R$ 280,00;31/01/2026;1;19585558000104;11904552528;RECEBIDO
13350;LUMEN DISTRIBUIDORA LTDA;R$ 49,90;23/02/2026;1;52163330000100;11945622908;RECEBIDO
13352;NORTE PARTICIPACOES LTDA;R$ 210,00;24/02/2026;1;34304239000177;11912387396;RECEBIDO
13354;FONTE MANUTENCAO ME;R$ 170,00;01/02/2026;1;82336895000102;11963955151;RECEBIDO
13359;FONTE LOGISTICA LTDA;R$ 49,90;16/02/2026;0;95170317000182;11933828114;PENDENTE
13362;UNIAO MANUTENCAO LTDA;R$ 210,00;01/01/2026;1;57013763000194;11902280247;RECEBIDO
13370;ZENITE ENGENHARIA LTDA;R$ 110,00;23/01/2026;0;86032520000100;11904866550;PENDENTE
13375;ARARA ALIMENTOS S/A;R$ 140,00;28/02/2026;1;69749021000100;11955924222;RECEBIDO
13378;EDUARDO RAMOS;R$ 210,00;30/01/2026;1;89957858300;11959428124;RECEBIDO
13381;DELTA TRANSPORTES ME;R$ 340,00;11/02/2026;0;64714270000147;11902241533;PENDENTE
13386;BOREAL CONSULTORIA EIRELI;R$ 170,00;09/01/2026;1;92944277000190;11960441281;RECEBIDO
13392;LAGOA ALIMENTOS LTDA;R$ 210,00;20/02/2026;1;45047839000113;11914560995;RECEBIDO
