Voucher;Nome da empresa;CNPJ;Data;Referencia;Iniciais;Situacao;Pagamento;Valor;Observacao;Nota enviada
13213531;HORIZONTE EDUCACAO LTDA;62777460000188;10/02/2026;Novo;Ds;Pago;Asaas;210,00;retornar dia 28;
13210953;VARANDA MARKETING LTDA;47.935.636/0001-99;01/01/2026;Google;Ds;Pago;Asaas;210,00;aguardando nota;
13206511;ESTEIO COMERCIO EIRELI;39128000000107;02/01/2026;Indicacao;Pc;Pago;Conta;280,00;ok;
13212453;VERTICE DISTRIBUIDORA S/A;52449915000182;17/02/2026;Renovacao;Ab;Pago;Conta;190,00;ok;
13201076;ERVAL TRANSPORTES LTDA;98.894.611/0001-25;17/02/2026;Apoio;So;Pago;Asaas;210,00;;sim
13202991;FONTE ASSESSORIA LTDA;67215851000122;27/02/2026;Contador;St;Pago;Conta;280,00;ok;
13206510;FONTE ASSESSORIA LTDA;44850473000153;13/01/2026;Cert Novo;Bp;Pago;Conta;210,00;;sim
13200612;ORION DISTRIBUIDORA S/A;80408558000140;07/01/2026;Contador;Jp;Pago;Asaas;230,00;retornar dia 28;sim
13209576;JOAO VITOR REIS MELO;86024034293;23/02/2026;Job Contabil;Et;Em aberto;Asaas;340,00;aguardando nota;
13213487;ERVAL COMERCIO S/A;54406833000186;15/01/2026;Indicacao;Ta;Pago;Conta;210,00;ok;
13206817;ESTEIO IMOBILIARIA ME;29729133000185;10/02/2026;Cert Novo;Wb;Em aberto;Conta;110,00;falar com o contador;
13204995;HORIZONTE EVENTOS LTDA;63.020.287/0001-31;27/01/2026;Renovacao;Et;Pago;Asaas;49,90;;
13209435;BRISA TURISMO LTDA;00916388000175;03/01/2026;Novo;Ds;Pago;Conta;210,00;;
13204006;BOREAL SERVICOS LTDA;62781121000175;14/02/2026;Novo;So;Pago;Asaas;210,00;retornar dia 28;
13211701;LUMEN TURISMO LTDA;68194982000133;15/02/2026;Contador;Bp;Em aberto;Conta;190,00;;
13208746;ZENITE ODONTOLOGIA S/A;43473414000141;09/02/2026;Novo;Bp;Em aberto;Conta;210,00;ok;
13203803;ALPHA DISTRIBUIDORA LTDA;69.348.870/0001-52;19/01/2026;Renovacao;Ab;Em aberto;Asaas;210,00;ok;
13203626;Riacho Logistica Ltda;97.301.949/0001-63;09/01/2026;Indicacao;Et;Em aberto;Asaas;190,00;;sim
13212672;QUARTZO LOGISTICA S/A;45236784000190;01/02/2026;Google;St;Pago;Asaas;49,90;;sim
13213283;VANESSA MORAES;67099059051;28/02/2026;Contrato;Bp;Pago;Asaas;340,00;ok;sim
13206300;CAMPO SEGURANCA S/A;01668079000196;15/02/2026;Cert Novo;Am;Em aberto;Asaas;110,00;ok;
13209787;SERRA MANUTENCAO LTDA;67149726000161;09/02/2026;Novo;Rm;Pago;Asaas;280,00;aguardando nota;sim
13211558;GAIA TURISMO LTDA;27772189000197;30/01/2026;Novo;Mc;Pago;Conta;110,00;retornar dia 28;
13211940;RIACHO EVENTOS S/A;88606897000142;04/01/2026;Apoio;Rm;Pago;Asaas;210,00;;sim
13214285;QUARTZO ASSESSORIA ME;93.124.388/0001-13;19/02/2026;Renovacao;Mc;Pago;Conta;210,00;;
13208633;SIMONE FONSECA;44547634499;21/01/2026;Contador;Bp;Em aberto;Conta;170,00;falar com o contador;
13207094;MARESIA ASSESSORIA EIRELI;68797850000104;14/01/2026;Job Contabil;So;Pago;Asaas;210,00;ok;
13201470;BRISA LOGISTICA LTDA;68.835.033/0001-95;23/01/2026;Job Contabil;Fv;Pago;Asaas;340,00;ok;
13209836;  FAROL TECNOLOGIA LTDA ;14.944.937/0001-20;26/02/2026;Contrato;St;Pago;Conta;210,00;falar com o contador;
13201436;ZENITE SERVICOS LTDA;66575704000109;24/01/2026;Contrato;Mc;Pago;Asaas;49,90;ok;
13200193;THIAGO TEIXEIRA;45004370807;17/01/2026;Contador;Jp;Em aberto;Asaas;190,00;ok;sim
13213373;QUARTZO TRANSPORTES LTDA;69894452000160;25/01/2026;Google;Am;Pago;Conta;280,00;ok;
13203280;MARIANA TEIXEIRA;409.285.732-30;12/02/2026;Renovacao;Bp;Pago;Conta;210,00;ok;
13212999;GIRASSOL MANUTENCAO LTDA;82339834000190;24/01/2026;Contador;So;Pago;Asaas;190,00;ok;
13204208;RAIZ CONSULTORIA LTDA;66914248000176;23/01/2026;Contador;Mc;Pago;Asaas;170,00;aguardando nota;sim
13206574;Solar Tecnologia S/A;20657342000196;12/02/2026;Novo;Et;Pago;Conta;;ok;
13201157;DUNA IMOBILIARIA EIRELI;73299995000107;13/02/2026;Apoio;Et;Pago;Asaas;280,00;contato por e-mail;
13207984;Serra Assessoria S/A;91935700000123;12/02/2026;Google;Ab;Em aberto;Asaas;340,00;;
13208549;GIRASSOL ODONTOLOGIA LTDA;11.984.396/0001-75;12/02/2026;Novo;Ab;Pago;Conta;210,00;ok;
13212252;QUARTZO EVENTOS EIRELI;76807535000130;28/02/2026;Apoio;Ta;Pago;Asaas;190,00;contato por e-mail;
13214097;SERRA ASSESSORIA S/A;44.589.916/0001-02;07/02/2026;Contrato;Ab;Pago;Asaas;170,00;falar com o contador;
13201942;ARARA EVENTOS EIRELI;52852273000168;11/02/2026;Novo;Am;Em aberto;Asaas;140,00;;
13207013;JUREMA ASSESSORIA LTDA;34653097000153;01/02/2026;Apoio;Ab;Em aberto;Conta;49,90;aguardando nota;
13212943;PEDRA DISTRIBUIDORA ME;;11/01/2026;Job Contabil;Am;Pago;Conta;49,90;ok;
13214321;IPE MANUTENCAO LTDA;78655358000140;21/01/2026;Contador;St;Pago;Conta;170,00;retornar dia 28;sim
13201276;EDUARDO ANDRADE;357.124.592-70;10/02/2026;Google;Ta;Pago;Asaas;210,00;ok;sim
13200804;VARANDA CONTABILIDADE EIRELI;80683252000100;02/02/2026;Cert Novo;Fv;Pago;Asaas;210,00;ok;
13206560;CAMPO ODONTOLOGIA LTDA;34273728000109;08/02/2026;Renovacao;Wb;Pago;Asaas;170,00;ok;sim
13213139;  GAIA ODONTOLOGIA LTDA ;83.511.919/0001-77;16/01/2026;Renovacao;Bp;Pago;Conta;340,00;falar com o contador;
13203640;TRILHA MARKETING;15.141.774/0001-00;01/03/2026;Apoio;St;Cortesia;Cortesia;49,90;;
13206019;Erval Marketing S/A;14418850000119;27/02/2026;Contador;Pc;Pago;Asaas;190,00;retornar dia 28;
13204216;  HORIZONTE CONSULTORIA LTDA ;59567501000105;25/02/2026;Contrato;Ds;Pago;Asaas;210,00;retornar dia 28;sim
13211979;LEANDRO COSTA LIMA;20628322813;01/02/2026;Novo;So;Pago;Asaas;140,00;retornar dia 28;
13201251;MIRANTE PARTICIPACOES LTDA;70653558000151;28/02/2026;Indicacao;Ds;Pago;Asaas;210,00;retornar dia 28;
13210629;Uniao Consultoria Ltda;62319838000108;16/01/2026;Indicacao;Ds;Pago;Conta;140,00;;
13204559;  JUREMA EDUCACAO LTDA ;17.385.019/0001-04;08/02/2026;Cert Novo;Pc;Em aberto;Asaas;110,00;aguardando nota;
13200512;FAROL LOGISTICA LTDA;98692469000133;19/01/2026;Contador;Mc;Pago;Asaas;160,00;ok;sim
13210060;CARLOS EDUARDO REIS MELO;363.760.414-94;03/02/2026;Renovacao;Jp;Pago;Asaas;190,00;retornar dia 28;sim
13210956;  PEDRA COMERCIO S/A ;;02/01/2026;Google;St;Pago;Conta;280,00;contato por e-mail;
13201118;JUREMA ALIMENTOS EIRELI;31740563000140;04/02/2026;Job Contabil;Am;Pago;Asaas;110,00;aguardando nota;
13200117;EDUARDO FONSECA;160.238.306-97;26/02/2026;Renovacao;Fv;Pago;Asaas;110,00;ok;
13203303;SERRA ASSESSORIA LTDA;14.473.960/0001-83;23/01/2026;Contrato;Ta;Em aberto;Asaas;210,00;falar com o contador;
13202606;IPE COMERCIO LTDA;10226938000188;09/02/2026;Contrato;Pc;Pago;Conta;280,00;retornar dia 28;
13206226;LAGOA TRANSPORTES LTDA;10868132000193;25/01/2026;Job Contabil;Wb;Cortesia;Cortesia;49,90;falar com o contador;sim
13214571;LAGOA ASSESSORIA ME;15975401000134;08/02/2026;Contrato;Bp;Pago;Conta;210,00;ok;sim
13211608;GAIA LOGISTICA LTDA;35.701.524/0001-94;25/01/2026;Apoio;Jp;Pago;Asaas;210,00;;sim
13202460;Orion Comercio S/A;91.371.054/0001-19;01/03/2026;Renovacao;Wb;Pago;Asaas;210,00;;sim
13213223;ESTEIO ASSESSORIA ME;06.589.291/0001-81;06/01/2026;Cert Novo;Wb;Pago;Conta;210,00;aguardando nota;sim
13206845;KAIRO MANUTENCAO LTDA;24.518.690/0001-33;24/01/2026;Job Contabil;Rm;Em aberto;Asaas;210,00;;sim
13205172;ARARA TECNOLOGIA LTDA;40662500000103;21/02/2026;Novo;Fv;Pago;Asaas;170,00;contato por e-mail;
13209600;HORIZONTE EVENTOS LTDA;22832151000149;28/02/2026;Novo;St;Pago;Asaas;210,00;ok;
13208088;LEANDRO PIRES;712.667.994-58;07/01/2026;Google;So;Pago;Conta;210,00;ok;sim
13200245;CAMILA TEIXEIRA;68106909724;18/01/2026;Google;Fv;Pago;Asaas;190,00;contato por e-mail;
13201633;XISTO COMERCIO S/A;43.704.429/0001-72;21/02/2026;Google;St;Em aberto;Asaas;49,90;;
13206208;IPE LOGISTICA EIRELI;43576495000104;05/01/2026;Novo;Ab;Pago;Conta;110,00;;sim
13205906;MARIANA MENDES FARIA;675.147.014-50;13/02/2026;Contrato;Ds;Pago;Asaas;340,00;ok;
13210055;  UNIAO IMOBILIARIA LTDA ;75178968000101;24/02/2026;Apoio;Wb;Em aberto;Conta;210,00;ok;
13209966;JUREMA TURISMO EIRELI;11964554000125;07/01/2026;Contador;So;Pago;Conta;210,00;;
13201921;ORION ENGENHARIA EIRELI;35210936000121;06/01/2026;Contrato;Wb;Pago;Asaas;210,00;;
13207640;CAMPO PARTICIPACOES LTDA;91868954000176;23/02/2026;Novo;Ta;Pago;Asaas;110,00;;
13213875;PRIMA EDUCACAO EIRELI;53814480000190;19/02/2026;Contrato;Am;Em aberto;Asaas;210,00;;
13213151;PATRICIA REIS MELO;87622735276;30/01/2026;Contador;Jp;Pago;Asaas;210,00;aguardando nota;sim
13202098;UNIAO ODONTOLOGIA S/A;16.372.504/0001-72;19/01/2026;Job Contabil;Ta;Pago;Conta;210,00;aguardando nota;
13207907;SIMONE FONSECA;834.168.078-01;16/01/2026;Indicacao;Et;Pago;Asaas;170,00;;
13211759;FONTE ASSESSORIA LTDA;20984560000135;15/01/2026;Indicacao;Ds;Pago;Conta;280,00;ok;
13204409;LUCIANA NUNES ABREU;84374399802;22/02/2026;Contador;Bp;Pago;Asaas;210,00;ok;
13212514;QUARTZO IMOBILIARIA EIRELI;96894511000173;24/01/2026;Cert Novo;Rm;Pago;Asaas;140,00;;
13201051;CARLOS EDUARDO ANDRADE;307.829.609-36;15/02/2026;Apoio;Pc;Pago;Asaas;140,00;aguardando nota;sim
13202778;GIRASSOL EDUCACAO ME;97233850000171;12/02/2026;Job Contabil;Jp;Pago;Asaas;49,90;falar com o contador;
13206859;SERRA ASSESSORIA ME;94.923.252/0001-36;22/01/2026;Novo;So;Pago;Asaas;340,00;ok;sim
13210269;ZENITE MANUTENCAO ME;70054332000134;13/02/2026;Cert Novo;Am;Pago;Asaas;;ok;sim
13213834;IPE ALIMENTOS LTDA;09233763000157;03/02/2026;Novo;Jp;Pago;Asaas;280,00;contato por e-mail;
13209225;  PRIMA MANUTENCAO LTDA ;88.922.101/0001-60;01/02/2026;Contador;So;Em aberto;Asaas;170,00;;
13211586;RIACHO SEGURANCA LTDA;74889543000148;26/02/2026;Cert Novo;Et;Pago;Asaas;210,00;ok;sim
13208629;IPE CONSULTORIA ME;44696823000179;03/01/2026;Google;Jp;Pago;Conta;210,00;;
13200938;  FONTE SERVICOS ME ;47683270000108;02/02/2026;Contrato;St;Pago;Asaas;210,00;aguardando nota;
13202235;VARANDA SERVICOS LTDA;81873352000153;15/02/2026;Cert Novo;Rm;Pago;Conta;210,00;;
13207858;ZENITE ASSESSORIA LTDA;34857204000165;16/01/2026;Novo;Mc;Em aberto;Conta;170,00;ok;
13205407;GIRASSOL ALIMENTOS LTDA;65326044000151;04/02/2026;Google;So;Pago;Conta;140,00;falar com o contador;
13207722;FONTE COMERCIO EIRELI;35.011.380/0001-44;15/02/2026;Indicacao;Pc;Pago;Asaas;190,00;ok;
13213017;ANA BEATRIZ RAMOS;92770948335;06/01/2026;Google;Jp;Pago;Asaas;49,90;ok;
13210966;Mirante Contabilidade Me;45007143000163;05/01/2026;Job Contabil;Pc;Em aberto;Asaas;280,00;;sim
13211096;PATRICIA ANDRADE;84087694269;19/02/2026;Contrato;St;Pago;Conta;280,00;ok;sim
13205644;RENATA RAMOS;77924704462;05/01/2026;Indicacao;So;Em aberto;Asaas;280,00;;
13203603;VERTICE COMERCIO EIRELI;59550445000198;14/02/2026;Job Contabil;Ds;Cortesia;Cortesia;;;sim
13213485;DUNA COMERCIO EIRELI;17.563.003/0001-36;14/01/2026;Apoio;Et;Pago;Asaas;190,00;;
13208413;ARARA PARTICIPACOES LTDA;31110151000126;21/02/2026;Novo;Ta;Pago;Conta;210,00;falar com o contador;sim
13205332;PEDRA LOGISTICA EIRELI;40.127.643/0001-15;24/02/2026;Contrato;Ab;Pago;Asaas;110,00;contato por e-mail;sim
13200135;DUNA IMOBILIARIA LTDA;23269551000150;13/02/2026;Apoio;Bp;Pago;Asaas;49,90;ok;
13207353;Serra Logistica S/A;51.682.952/0001-73;14/02/2026;Novo;Pc;Em aberto;Asaas;340,00;ok;sim
13206163;INVERNO IMOBILIARIA EIRELI;93726369000167;09/01/2026;Apoio;Rm;Pago;Conta;210,00;retornar dia 28;sim
13203842;VARANDA TURISMO EIRELI;31047524000161;23/02/2026;Contador;Wb;Pago;Conta;170,00;ok;
13204786;ESTEIO MARKETING LTDA;27302917000105;23/02/2026;Contrato;Rm;Pago;Conta;280,00;;
13204523;GAIA ASSESSORIA;52367015000196;09/01/2026;Novo;Rm;Pago;Conta;210,00;retornar dia 28;
13201725;MARESIA PARTICIPACOES ME;62751231000194;01/03/2026;Cert Novo;St;Pago;Asaas;140,00;aguardando nota;
13204032;GAIA ASSESSORIA ME;96541228000168;15/02/2026;Contrato;Pc;Pago;Conta;170,00;falar com o contador;sim
13206411;GIRASSOL LOGISTICA ME;43784869000187;15/01/2026;Apoio;Mc;Pago;Asaas;110,00;retornar dia 28;
13202516;IPE TRANSPORTES EIRELI;38446639000178;27/01/2026;Cert Novo;So;Pago;Asaas;190,00;contato por e-mail;sim
13201186;IPE CONTABILIDADE ME;60.113.195/0001-08;31/01/2026;Apoio;St;Pago;Asaas;210,00;ok;sim
13203585;Thiago Costa Lima;19601482820;16/01/2026;Contrato;Fv;Pago;Asaas;170,00;aguardando nota;
13207119;Zenite Turismo Ltda;21.021.075/0001-29;16/01/2026;Renovacao;Rm;Pago;Asaas;210,00;;
13202005;VARANDA ALIMENTOS ME;93931461000169;10/01/2026;Renovacao;Ab;Pago;Conta;340,00;;
13202935;KAIRO CONSULTORIA ME;79122845000100;27/01/2026;Indicacao;Bp;Pago;Conta;210,00;retornar dia 28;
13213313;Kairo Alimentos S/A;71611136000186;02/01/2026;Indicacao;Rm;Cortesia;Cortesia;340,00;ok;
13203745;Fonte Imobiliaria Ltda;00833020000143;16/02/2026;Apoio;Am;Pago;Asaas;110,00;retornar dia 28;sim
13204350;LEANDRO FONSECA;730.078.536-43;17/02/2026;Indicacao;Fv;Pago;Asaas;340,00;falar com o contador;
13204878;  MARESIA PARTICIPACOES EIRELI ;99554122000197;24/02/2026;Apoio;Pc;Cortesia;Cortesia;280,00;;
13210486;XISTO TECNOLOGIA EIRELI;47552079000127;12/02/2026;Cert Novo;Fv;Pago;Asaas;170,00;;
13210117;ERVAL SEGURANCA LTDA;06647711000139;27/01/2026;Novo;Mc;Pago;Conta;210,00;aguardando nota;
13208648;DELTA IMOBILIARIA S/A;83.888.380/0001-70;27/01/2026;Cert Novo;Am;Em aberto;Conta;210,00;ok;sim
13214230;GAIA SEGURANCA S/A;37831056000106;09/01/2026;Novo;Ds;Pago;Asaas;49,90;ok;
13202581;  IPE MANUTENCAO LTDA ;10.289.865/0001-73;24/01/2026;Cert Novo;Pc;Em aberto;Conta;210,00;ok;
13209396;FAROL PARTICIPACOES S/A;58.553.216/0001-64;26/02/2026;Google;Mc;Pago;Asaas;210,00;;
13200915;  CEDRO COMERCIO LTDA ;55.492.427/0001-46;08/01/2026;Apoio;Bp;Pago;Asaas;210,00;falar com o contador;sim
13213916;  UNIAO LOGISTICA ME ;90250604000189;23/02/2026;Job Contabil;Fv;Em aberto;Asaas;210,00;retornar dia 28;
13213945;RENATA DIAS;986.122.031-77;03/01/2026;Contador;Fv;Em aberto;Asaas;210,00;contato por e-mail;
13212167;NORTE TRANSPORTES LTDA;73.895.156/0001-51;04/02/2026;Google;Wb;Cortesia;Cortesia;190,00;contato por e-mail;
13202462;DELTA CONSULTORIA LTDA;67.722.728/0001-06;23/01/2026;Contador;So;Pago;Conta;280,00;ok;
13213183;RAIZ PARTICIPACOES LTDA;00.112.915/0001-99;31/01/2026;Apoio;Bp;Pago;Conta;110,00;ok;
13206905;TAMBORIL MARKETING LTDA;01.357.902/0001-42;13/01/2026;Novo;Fv;Pago;Conta;210,00;contato por e-mail;
13201893;HORIZONTE COMERCIO LTDA;42.592.964/0001-16;22/02/2026;Novo;Am;Pago;Asaas;340,00;;
13211880;ALPHA TRANSPORTES S/A;35.531.662/0001-72;01/03/2026;Renovacao;Bp;Cortesia;Cortesia;210,00;aguardando nota;
13208092;FONTE DISTRIBUIDORA EIRELI;96196052000154;26/02/2026;Renovacao;Bp;Pago;Asaas;190,00;aguardando nota;sim
13210778;SERRA SERVICOS LTDA;20.265.646/0001-08;16/01/2026;Google;St;Pago;Asaas;210,00;;
13204137;OLIVEIRA TURISMO LTDA;06.980.307/0001-82;17/02/2026;Apoio;St;Pago;Conta;170,00;;
13204886;Zenite Contabilidade Me;32.397.823/0001-99;27/02/2026;Apoio;Am;Em aberto;Asaas;210,00;retornar dia 28;
13203038;PATRICIA FONSECA;443.444.144-82;30/01/2026;Renovacao;Rm;Pago;Conta;49,90;contato por e-mail;
13200397;GAIA MARKETING LTDA;39377266000193;26/02/2026;Novo;Am;Em aberto;Asaas;120,00;;
13211788;BOREAL SEGURANCA LTDA;37.484.787/0001-14;18/01/2026;Contador;So;Pago;Asaas;140,00;contato por e-mail;sim
13200162;INVERNO MANUTENCAO EIRELI;89345832000153;02/01/2026;Cert Novo;Ta;Pago;Asaas;280,00;ok;
13206862;  Farol Contabilidade S/A ;86800458000140;26/01/2026;Indicacao;Am;Pago;Conta;210,00;;
13213850;ARARA MARKETING LTDA;39.114.178/0001-07;26/01/2026;Contador;Wb;Pago;Asaas;280,00;ok;
13212991;Thiago Sales;38029568414;10/02/2026;Job Contabil;Pc;Pago;Asaas;49,90;retornar dia 28;
13211038;XISTO PARTICIPACOES LTDA;67075375000191;28/02/2026;Job Contabil;Wb;Pago;Conta;140,00;;
13209930;CEDRO SERVICOS LTDA;33.156.821/0001-70;08/02/2026;Job Contabil;So;Cortesia;Cortesia;110,00;falar com o contador;
13211255;Riacho Imobiliaria S/A;41563198000107;18/01/2026;Job Contabil;Ta;Pago;Conta;210,00;;
13211425;PRIMA EVENTOS EIRELI;22913606000150;11/01/2026;Apoio;Ds;Em aberto;Conta;110,00;;
13208972;LUCIANA MENDES FARIA;62997851162;21/02/2026;Renovacao;Ta;Em aberto;Conta;280,00;ok;
13203490;  RIACHO ENGENHARIA EIRELI ;64639860000152;23/02/2026;Job Contabil;So;Em aberto;Conta;;contato por e-mail;
13209502;ZENITE ODONTOLOGIA ME;56865224000110;09/02/2026;Job Contabil;St;Pago;Conta;110,00;ok;
13202639;Erval Consultoria Ltda;04243753000189;19/01/2026;Job Contabil;So;Cortesia;Cortesia;210,00;aguardando nota;sim
13205541;OLIVEIRA ODONTOLOGIA;33.062.761/0001-27;20/02/2026;Cert Novo;Ds;Pago;Conta;110,00;ok;
13211986;JUREMA EDUCACAO LTDA;55597268000144;01/02/2026;Cert Novo;Ab;Pago;Conta;49,90;ok;
13204505;FONTE ASSESSORIA ME;18183474000181;28/02/2026;Contrato;Bp;Pago;Asaas;190,00;ok;sim
13210484;CEDRO SERVICOS ME;53663946000102;07/02/2026;Contador;Pc;Pago;Conta;110,00;aguardando nota;
13209173;FONTE TECNOLOGIA LTDA;23.288.331/0001-74;14/01/2026;Novo;Ta;Em aberto;Asaas;340,00;aguardando nota;sim
13204739;  FAROL TURISMO LTDA ;23699894000155;17/01/2026;Apoio;Am;Pago;Asaas;110,00;contato por e-mail;
13203313;LAGOA TURISMO S/A;58.187.562/0001-76;20/01/2026;Indicacao;Ds;Pago;Asaas;340,00;;
13213824;ZENITE ALIMENTOS EIRELI;48323224000160;04/01/2026;Contrato;Mc;Cortesia;Cortesia;140,00;contato por e-mail;
13213893;CARLOS EDUARDO MENDES FARIA;092.838.333-77;25/02/2026;Indicacao;Ab;Pago;Asaas;49,90;ok;
13203450;OLIVEIRA ASSESSORIA S/A;18981208000102;09/02/2026;Novo;Fv;Pago;Asaas;280,00;;
13211397;LUCIANA MORAES;707.051.361-93;09/02/2026;Novo;Pc;Pago;Conta;140,00;contato por e-mail;
13211315;  TAMBORIL COMERCIO S/A ;82.040.306/0001-36;05/01/2026;Indicacao;Et;Pago;Asaas;170,00;retornar dia 28;sim
13200022;LUMEN DISTRIBUIDORA LTDA;78.248.396/0001-88;24/02/2026;Renovacao;St;Pago;Asaas;210,00;;
13208652;KAIRO ALIMENTOS LTDA;01595398000119;27/02/2026;Cert Novo;Ds;Pago;Asaas;280,00;retornar dia 28;sim
13201014;ALPHA PARTICIPACOES LTDA;98665377000164;10/02/2026;Google;Fv;Pago;Asaas;110,00;contato por e-mail;
13204549;Solar Logistica Ltda;18.072.098/0001-58;01/01/2026;Renovacao;Ds;Cortesia;Cortesia;210,00;;
13205383;BRISA TURISMO S/A;66452801000104;30/01/2026;Indicacao;Mc;Pago;Asaas;170,00;aguardando nota;sim
13208683;RENATA BARROS;61033759252;22/02/2026;Contrato;Am;Em aberto;Asaas;110,00;ok;
13205928;NORTE ODONTOLOGIA S/A;20754155000120;28/01/2026;Apoio;Ab;Pago;Asaas;280,00;ok;
13200995;CARLOS EDUARDO RAMOS;63202808574;02/02/2026;Google;Ta;Pago;Asaas;210,00;retornar dia 28;
13201979;RAIZ IMOBILIARIA LTDA;71.382.474/0001-93;13/01/2026;Renovacao;Fv;Pago;Asaas;210,00;contato por e-mail;
13201486;PATRICIA ANDRADE;28339552961;19/02/2026;Contador;Bp;Pago;Asaas;170,00;retornar dia 28;sim
13214260;RAIZ SEGURANCA LTDA;69454808000145;01/02/2026;Renovacao;Wb;Em aberto;Conta;49,90;ok;
13209079;ZENITE MARKETING EIRELI;64.316.281/0001-79;04/01/2026;Novo;St;Em aberto;Conta;140,00;aguardando nota;
13200208;CAMPO TRANSPORTES ME;63.969.624/0001-31;20/02/2026;Cert Novo;Ds;Pago;Asaas;110,00;ok;
13213412;HORIZONTE SEGURANCA LTDA;95784263000145;27/01/2026;Apoio;Fv;Pago;Conta;170,00;;
13212828;INVERNO TURISMO LTDA;11218370000116;16/02/2026;Renovacao;Fv;Pago;Asaas;49,90;ok;
13207957;XISTO TURISMO LTDA;20962044000100;24/01/2026;Contrato;Jp;Pago;Conta;340,00;aguardando nota;
13214639;  ALPHA MARKETING EIRELI ;50.306.117/0001-76;27/02/2026;Cert Novo;Mc;Pago;Conta;140,00;falar com o contador;
13204655;Ipe Imobiliaria S/A;49.140.468/0001-70;03/02/2026;Apoio;Am;Em aberto;Conta;210,00;;sim
13206210;THIAGO NUNES ABREU;82856062070;01/01/2026;Contador;Ta;Pago;Conta;110,00;falar com o contador;sim
13201905;MIRANTE TRANSPORTES LTDA;01883310000164;03/02/2026;Cert Novo;Jp;Pago;Asaas;210,00;ok;sim
13202502;MARCOS AURELIO ANDRADE;32633765815;05/02/2026;Job Contabil;Rm;Pago;Asaas;210,00;ok;
13203668;SERRA ASSESSORIA LTDA;69564753000126;17/01/2026;Indicacao;Wb;Pago;Conta;280,00;retornar dia 28;
13214674;SERRA TECNOLOGIA LTDA;30878363000195;21/01/2026;Indicacao;Rm;Pago;Conta;340,00;retornar dia 28;
13206595;CEDRO ALIMENTOS LTDA;96961317000163;21/01/2026;Renovacao;Fv;Pago;Asaas;210,00;contato por e-mail;
13212091;PEDRA DISTRIBUIDORA LTDA;52359253000150;20/01/2026;Renovacao;Fv;Pago;Conta;170,00;contato por e-mail;sim
13202883;  SERRA ASSESSORIA ME ;07053600000167;16/01/2026;Novo;Et;Em aberto;Asaas;280,00;contato por e-mail;
13213607;PEDRA PARTICIPACOES S/A;40535816000134;19/02/2026;Contador;So;Pago;Conta;340,00;;
13205458;Norte Engenharia Ltda;30.475.303/0001-21;14/02/2026;Renovacao;Mc;Em aberto;Conta;190,00;;
13214402;Ipe Distribuidora Ltda;57570241000193;31/01/2026;Indicacao;Wb;Cortesia;Cortesia;280,00;retornar dia 28;
13210457;HORIZONTE DISTRIBUIDORA EIRELI;6659100000100;06/02/2026;Google;Jp;Pago;Conta;210,00;ok;
13210550;ORION MARKETING ME;41.716.633/0001-88;19/02/2026;Indicacao;Pc;Pago;Conta;210,00;ok;
13200741;GIRASSOL DISTRIBUIDORA EIRELI;29283601000130;25/02/2026;Novo;Fv;Pago;Asaas;59,90;contato por e-mail;
13209472;CEDRO LOGISTICA LTDA;30310407000186;02/01/2026;Renovacao;Ds;Pago;Conta;280,00;aguardando nota;
13206357;TRILHA IMOBILIARIA LTDA;35.768.225/0001-77;08/01/2026;Apoio;Rm;Pago;Conta;280,00;ok;sim
13205345;RAIZ ENGENHARIA ME;33.421.774/0001-45;15/02/2026;Indicacao;Ds;Pago;Asaas;190,00;ok;
13213252;ALPHA COMERCIO LTDA;68.504.220/0001-96;20/01/2026;Indicacao;So;Pago;Conta;190,00;contato por e-mail;
13208991;MARCOS AURELIO TAVARES;18385175707;19/02/2026;Novo;Pc;Pago;Asaas;280,00;;
13202299;VANESSA PIRES;764.475.234-52;27/01/2026;Apoio;Mc;Em aberto;Asaas;110,00;retornar dia 28;
13201381;CAMILA PIRES;63515287908;16/01/2026;Apoio;St;Pago;Asaas;170,00;falar com o contador;
13213393;ZENITE CONTABILIDADE LTDA;98.899.721/0001-80;09/01/2026;Novo;Jp;Pago;Asaas;210,00;contato por e-mail;sim
13201495;RODRIGO BARROS;80637998417;17/02/2026;Renovacao;Bp;Pago;Asaas;210,00;contato por e-mail;
13200054;OLIVEIRA EVENTOS S/A;74324557000114;31/01/2026;Apoio;St;Pago;Asaas;49,90;;
13209043;PEDRA ODONTOLOGIA LTDA;52708505000109;16/02/2026;Contador;Fv;Pago;Conta;210,00;contato por e-mail;sim
13210240;NORTE CONTABILIDADE LTDA;64133909000109;23/02/2026;Contrato;Ds;Em aberto;Asaas;170,00;;
13207486;Varanda Logistica S/A;70.992.145/0001-00;09/01/2026;Renovacao;Ta;Pago;Conta;340,00;ok;
13207665;CEDRO MANUTENCAO LTDA;13698622000187;03/02/2026;Renovacao;Et;Pago;Asaas;140,00;retornar dia 28;
13202165;  UNIAO LOGISTICA S/A ;88303721000111;12/02/2026;Job Contabil;Et;Pago;Asaas;49,90;;
13203423;Girassol Assessoria S/A;20.150.417/0001-48;18/01/2026;Apoio;So;Cortesia;Cortesia;210,00;falar com o contador;sim
13208758;TRILHA SEGURANCA ME;57873521000170;03/02/2026;Cert Novo;Pc;Em aberto;Conta;210,00;ok;sim
13204058;Farol Tecnologia Eireli;21.975.942/0001-65;11/01/2026;Renovacao;So;Cortesia;Cortesia;140,00;falar com o contador;
13213634;LUCIANA COSTA LIMA;67633222248;01/01/2026;Novo;Ds;Pago;Asaas;170,00;contato por e-mail;
13203406;GAIA ENGENHARIA LTDA;78895908000106;26/02/2026;Apoio;Mc;Pago;Conta;210,00;retornar dia 28;
13203242;VERTICE COMERCIO LTDA;52315408000156;01/01/2026;Cert Novo;Am;Pago;Asaas;210,00;ok;
13207446;SOLAR ODONTOLOGIA ME;02.447.453/0001-96;26/01/2026;Job Contabil;Mc;Pago;Conta;49,90;ok;
13212028;RIACHO TECNOLOGIA LTDA;78205049000179;25/02/2026;Indicacao;Ab;Pago;Conta;280,00;retornar dia 28;
13204994;ALPHA MARKETING LTDA;24.464.927/0001-40;12/02/2026;Contador;Mc;Pago;Conta;210,00;;
13213100;RIACHO MARKETING LTDA;52233240000130;07/02/2026;Renovacao;Am;Pago;Conta;140,00;;
13205677;KAIRO SEGURANCA ME;70.816.505/0001-04;16/01/2026;Novo;Am;Pago;Asaas;210,00;ok;sim
13202740;Felipe Carvalho;53523135624;20/01/2026;Contador;Mc;Pago;Conta;49,90;aguardando nota;sim
13212976;ERVAL IMOBILIARIA LTDA;28.848.522/0001-67;01/02/2026;Renovacao;Bp;Em aberto;Conta;110,00;;
13214390;CAMILA TAVARES;664.319.960-88;08/02/2026;Job Contabil;Rm;Pago;Conta;280,00;;
13207318;Jurema Consultoria Ltda;68819245000189;24/02/2026;Novo;Jp;Em aberto;Asaas;210,00;ok;
13204299;ERVAL ODONTOLOGIA LTDA;20.172.816/0001-00;13/01/2026;Contador;Am;Pago;Conta;210,00;falar com o contador;
13207680;Farol Engenharia Ltda;75.065.258/0001-75;25/02/2026;Apoio;Ds;Pago;Asaas;49,90;;
13208920;MARCOS AURELIO RAMOS;771.530.583-53;28/02/2026;Apoio;Wb;Cortesia;Cortesia;110,00;ok;
13212195;Priscila Tavares;070.347.348-12;23/01/2026;Job Contabil;Et;Pago;Conta;49,90;;
13201106;VERTICE IMOBILIARIA ME;60995344000100;29/01/2026;Contrato;St;Pago;Asaas;110,00;retornar dia 28;
13214093;UNIAO CONSULTORIA S/A;39.364.372/0001-32;04/02/2026;Renovacao;Jp;Pago;Conta;210,00;falar com o contador;sim
13210043;CAMILA MACHADO;65730873696;07/02/2026;Indicacao;Et;Pago;Asaas;190,00;contato por e-mail;sim
13205988;GAIA ALIMENTOS LTDA;91040660000151;16/02/2026;Contrato;So;Pago;Conta;210,00;ok;
13200572;Simone Reis Melo;994.874.232-40;12/01/2026;Novo;Bp;Pago;Asaas;160,00;contato por e-mail;
13201360;IPE DISTRIBUIDORA LTDA;10893917000116;15/02/2026;Google;Ab;Pago;Asaas;210,00;ok;
13200702;ORION MANUTENCAO ME;36497321000190;04/01/2026;Contrato;Am;Pago;Asaas;210,00;retornar dia 28;sim
13212952;MARCOS AURELIO MACHADO;;20/02/2026;Renovacao;Et;Pago;Conta;110,00;retornar dia 28;
13205804;SIMONE COSTA LIMA;06139194103;24/02/2026;Cert Novo;Am;Pago;Conta;49,90;;
13203648;PRIMA PARTICIPACOES LTDA;05948861000110;19/01/2026;Job Contabil;St;Pago;Asaas;210,00;ok;
13201646;ERVAL MARKETING LTDA;22989506000108;08/01/2026;Job Contabil;Ds;Pago;Asaas;49,90;aguardando nota;
13214198;MARESIA CONSULTORIA LTDA;20.003.518/0001-96;05/01/2026;Renovacao;Rm;Pago;Conta;140,00;contato por e-mail;
13209240;Norte Alimentos Ltda;81.988.124/0001-29;28/01/2026;Renovacao;Pc;Pago;Asaas;49,90;;sim
13200277;PRIMA LOGISTICA LTDA;77189150000110;18/02/2026;Cert Novo;So;Pago;Asaas;200,00;ok;
13214342;FONTE MANUTENCAO ME;82.336.895/0001-02;01/02/2026;Contador;Wb;Pago;Asaas;170,00;ok;
13200959;  IPE COMERCIO S/A ;04703776000129;01/03/2026;Job Contabil;St;Pago;Asaas;190,00;;
13203709;OLIVEIRA ENGENHARIA S/A;75464534000178;21/01/2026;Google;Am;Pago;Conta;190,00;aguardando nota;
13211247;SERRA ALIMENTOS LTDA;56.798.850/0001-31;03/02/2026;Contador;Jp;Pago;Asaas;170,00;;
13202202;HORIZONTE ENGENHARIA LTDA;63.103.842/0001-99;01/03/2026;Google;Bp;Pago;Conta;210,00;aguardando nota;
13213264;EDUARDO REIS MELO;565.781.070-67;19/02/2026;Google;St;Pago;Conta;140,00;retornar dia 28;
13205033;  EDUARDO RAMOS ;17252392863;22/01/2026;Indicacao;Wb;Pago;Asaas;340,00;ok;sim
13203221;XISTO DISTRIBUIDORA EIRELI;60.186.705/0001-77;13/01/2026;Renovacao;St;Pago;Asaas;210,00;aguardando nota;
13201564;HORIZONTE TRANSPORTES S/A;13.307.031/0001-31;29/01/2026;Cert Novo;Mc;Pago;Asaas;210,00;falar com o contador;sim
13210397;Esteio Distribuidora Ltda;36098444000159;21/02/2026;Renovacao;St;Em aberto;Asaas;340,00;falar com o contador;
13208265;ALPHA SEGURANCA ME;72872008000159;09/02/2026;Cert Novo;Ta;Pago;Asaas;110,00;ok;
13202390;LAGOA LOGISTICA LTDA;11.797.989/0001-22;29/01/2026;Contrato;Jp;Em aberto;Conta;49,90;ok;
13210342;TAMBORIL ASSESSORIA LTDA;01049684000189;04/01/2026;Job Contabil;Bp;Pago;Conta;140,00;;sim
13211330;BRISA EDUCACAO LTDA;29.090.729/0001-88;19/02/2026;Indicacao;Ta;Pago;Asaas;170,00;falar com o contador;
13211428;BOREAL SERVICOS LTDA;80703098000182;03/01/2026;Google;Pc;Cortesia;Cortesia;170,00;aguardando nota;
13212856;RODRIGO ANDRADE;84252189182;17/02/2026;Job Contabil;Ta;Pago;Conta;49,90;ok;sim
13211477;LUCIANA MORAES;466.949.335-31;23/01/2026;Job Contabil;Ab;Pago;Conta;210,00;;sim
13207154;SOLAR EDUCACAO EIRELI;14582681000158;27/01/2026;Contrato;Jp;Pago;Conta;280,00;;sim
13203084;BOREAL ENGENHARIA ME;61312857000131;08/01/2026;Job Contabil;Fv;Pago;Asaas;210,00;contato por e-mail;
13212641;INVERNO LOGISTICA EIRELI;94342806000101;15/01/2026;Google;Et;Cortesia;Cortesia;210,00;;sim
13213310;VERTICE TRANSPORTES S/A;27096006000160;09/02/2026;Cert Novo;Et;Pago;Conta;49,90;contato por e-mail;
13212777;INVERNO TECNOLOGIA LTDA;20.521.327/0001-16;31/01/2026;Cert Novo;Ab;Em aberto;Asaas;110,00;ok;
13209694;PRIMA ASSESSORIA EIRELI;07700785000154;31/01/2026;Renovacao;St;Pago;Asaas;110,00;;
13206527;  PEDRA IMOBILIARIA EIRELI ;31431663000194;26/02/2026;Contrato;Ta;Pago;Asaas;110,00;;
13210297;FELIPE MORAES;770.198.748-85;13/01/2026;Apoio;Am;Pago;Conta;210,00;;
13214069;Renata Costa Lima;07858528841;14/02/2026;Renovacao;Am;Pago;Asaas;210,00;ok;
13209263;TRILHA TRANSPORTES S/A;34071496000106;05/02/2026;Renovacao;Et;Pago;Asaas;340,00;aguardando nota;sim
13213730;BRISA DISTRIBUIDORA EIRELI;44849159000150;07/02/2026;Cert Novo;Fv;Em aberto;Asaas;190,00;retornar dia 28;
13207255;  JUREMA TECNOLOGIA EIRELI ;87715564000199;30/01/2026;Indicacao;Bp;Pago;Asaas;110,00;ok;
13213805;VANESSA SALES;93861852562;11/01/2026;Apoio;Ab;Pago;Conta;170,00;ok;
13214425;ZENITE ENGENHARIA LTDA;86032520000100;23/01/2026;Cert Novo;Jp;Pago;Asaas;110,00;falar com o contador;
13200226;CEDRO EVENTOS LTDA;79410093000182;10/02/2026;Indicacao;Ta;Em aberto;Asaas;260,00;;
13206117;BOREAL ASSESSORIA LTDA;38.841.235/0001-89;15/02/2026;Google;Jp;Pago;Asaas;210,00;;sim
13209730;ZENITE CONTABILIDADE ME;97602032000107;19/02/2026;Cert Novo;Et;Pago;Conta;210,00;;
13209364;PATRICIA REIS MELO;46667322744;19/02/2026;Cert Novo;Ab;Pago;Conta;210,00;contato por e-mail;sim
13202496;  NORTE LOGISTICA ME ;95290525000115;23/01/2026;Cert Novo;Pc;Pago;Asaas;210,00;contato por e-mail;
13212731;JUREMA PARTICIPACOES LTDA;06282600000176;03/01/2026;Job Contabil;Ta;Pago;Asaas;340,00;aguardando nota;
13207322;Delta Transportes Me;60151267000101;26/01/2026;Job Contabil;Pc;Pago;Asaas;210,00;retornar dia 28;
13212617;BOREAL SEGURANCA ME;43163650000160;09/02/2026;Indicacao;Rm;Pago;Conta;340,00;ok;
13202797;Erval Distribuidora S/A;82108442000111;11/01/2026;Renovacao;Mc;Pago;Asaas;49,90;contato por e-mail;sim
13211338;SOLAR EVENTOS S/A;78175792000122;03/02/2026;Apoio;Et;Pago;Conta;190,00;ok;
13206327;  PATRICIA MACHADO ;49322801252;20/02/2026;Contador;Rm;Em aberto;Conta;210,00;contato por e-mail;sim
13207707;BOREAL EVENTOS LTDA;80.919.010/0001-64;22/01/2026;Contador;Ab;Pago;Conta;190,00;aguardando nota;sim
13204463;ALPHA ODONTOLOGIA EIRELI;99236440000100;03/01/2026;Renovacao;Bp;Cortesia;Cortesia;49,90;contato por e-mail;sim
13204946;QUARTZO TRANSPORTES ME;95718908000141;12/01/2026;Indicacao;Fv;Pago;Asaas;190,00;ok;sim
13201628;XISTO COMERCIO S/A;43.704.429/0001-72;21/02/2026;Google;St;Em aberto;Asaas;49,90;ok;
13200086;Quartzo Manutencao S/A;32403802000139;19/01/2026;Novo;Wb;Em aberto;Asaas;110,00;ok;
13204832;LUMEN EVENTOS S/A;01.949.104/0001-00;29/01/2026;Contrato;Mc;Pago;Asaas;49,90;retornar dia 28;
13208480;VANESSA ANDRADE;36518417951;08/01/2026;Job Contabil;Am;Pago;Asaas;210,00;aguardando nota;sim
13212557;Solar Odontologia Ltda;41.715.840/0001-18;26/02/2026;Contrato;Jp;Pago;Asaas;210,00;retornar dia 28;
13206631;OLIVEIRA COMERCIO LTDA;61454780000134;02/01/2026;Job Contabil;Wb;Pago;Conta;210,00;;
13207242;DUNA TECNOLOGIA EIRELI;93605792000109;18/02/2026;Google;Ds;Pago;Conta;210,00;ok;
13201759;BOREAL ENGENHARIA ME;44.576.782/0001-87;12/02/2026;Google;Ab;Pago;Asaas;49,90;;
13213516;RODRIGO MACHADO;73249015975;05/01/2026;Renovacao;Bp;Pago;Asaas;49,90;contato por e-mail;sim
13202143;DUNA SERVICOS;58432072000198;15/01/2026;Cert Novo;Jp;Pago;Asaas;210,00;ok;sim
13208417;ALPHA TRANSPORTES S/A;14.485.312/0001-47;16/01/2026;Indicacao;Pc;Pago;Asaas;110,00;;
13208707;  PRIMA LOGISTICA LTDA ;31.321.632/0001-80;31/01/2026;Contador;Pc;Cortesia;Cortesia;210,00;ok;sim
13204845;INVERNO SERVICOS ME;94.092.447/0001-81;02/01/2026;Apoio;Am;Cortesia;Cortesia;340,00;ok;sim
13203920;GUSTAVO REIS MELO;926.261.506-76;25/02/2026;Renovacao;Wb;Em aberto;Asaas;340,00;ok;
13213453;INVERNO TURISMO LTDA;41543290000105;01/02/2026;Apoio;Pc;Pago;Conta;49,90;;
13208826;SOLAR ENGENHARIA ME;22530431000100;18/01/2026;Contrato;Fv;Pago;Asaas;210,00;ok;
13200629;ERVAL MANUTENCAO ME;22709956000108;24/02/2026;Contrato;Ta;Pago;Asaas;260,00;contato por e-mail;
13204619;CAMPO SERVICOS EIRELI;61408727000105;04/02/2026;Renovacao;Mc;Pago;Asaas;;contato por e-mail;
13203508;GIRASSOL TECNOLOGIA ME;58819826000167;16/01/2026;Novo;Bp;Pago;Conta;190,00;ok;
13200757;ORION CONTABILIDADE;;25/01/2026;Google;St;Pago;Asaas;190,00;ok;
13201894;HORIZONTE COMERCIO LTDA;42.592.964/0001-16;22/02/2026;Novo;Am;Pago;Asaas;340,00;ok;
13201816;  QUARTZO TECNOLOGIA LTDA ;14024763000187;11/02/2026;Indicacao;Ds;Pago;Asaas;340,00;contato por e-mail;
13206726;ORION CONSULTORIA EIRELI;89116876000101;24/01/2026;Job Contabil;Wb;Em aberto;Asaas;140,00;retornar dia 28;
13207529;VANESSA FONSECA;50369995758;26/01/2026;Indicacao;Am;Pago;Asaas;140,00;aguardando nota;
13203606;GAIA COMERCIO EIRELI;27.943.250/0001-11;20/02/2026;Indicacao;So;Pago;Conta;210,00;falar com o contador;
13204584;FAROL LOGISTICA;66.792.791/0001-48;15/02/2026;Contador;Wb;Pago;Conta;170,00;ok;
13211458;BOREAL MANUTENCAO S/A;16417542000102;20/02/2026;Google;Ds;Em aberto;Conta;210,00;;
13210998;ORION TECNOLOGIA ME;17959160000165;13/01/2026;Contrato;Et;Em aberto;Conta;210,00;ok;
13212505;SIMONE TAVARES;20540520543;19/02/2026;Apoio;Ds;Em aberto;Conta;49,90;aguardando nota;
13214315;NORTE SERVICOS ME;19.585.558/0001-04;31/01/2026;Contador;Rm;Pago;Asaas;280,00;contato por e-mail;
13214509;DELTA TRANSPORTES ME;64.714.270/0001-47;11/02/2026;Apoio;Ds;Pago;Asaas;340,00;ok;
13213006;ALPHA EDUCACAO EIRELI;60210369000150;13/01/2026;Apoio;Rm;Em aberto;Conta;190,00;retornar dia 28;
13204813;MIRANTE ALIMENTOS EIRELI;32223907000106;23/01/2026;Novo;Ta;Pago;Asaas;190,00;retornar dia 28;
13200547;ESTEIO CONTABILIDADE LTDA;48865529000102;09/02/2026;Contador;Jp;Pago;Asaas;120,00;falar com o contador;
13212379;KAIRO ALIMENTOS LTDA;66642762000109;13/01/2026;Contrato;Ab;Pago;Conta;170,00;;
13214158;ERVAL CONTABILIDADE LTDA;;06/02/2026;Novo;Ta;Pago;Conta;210,00;falar com o contador;
13207418;Varanda Imobiliaria S/A;66.443.592/0001-24;09/01/2026;Indicacao;Jp;Pago;Conta;170,00;;
13211828;LUMEN ODONTOLOGIA LTDA;21604705000198;08/02/2026;Cert Novo;Mc;Pago;Asaas;;falar com o contador;
13207998;Farol Contabilidade Ltda;63070297000181;14/02/2026;Job Contabil;Fv;Em aberto;Conta;210,00;;
13201250;PRISCILA DIAS;36332165814;26/01/2026;Cert Novo;Wb;Pago;Asaas;340,00;contato por e-mail;
13207152;ORION SEGURANCA S/A;44895944000140;12/01/2026;Apoio;Et;Em aberto;Asaas;110,00;retornar dia 28;
13201429;Alpha Contabilidade S/A;41727953000133;07/01/2026;Contador;Et;Pago;Asaas;140,00;aguardando nota;
13209184;  HORIZONTE SERVICOS EIRELI ;99863655000150;05/02/2026;Apoio;Am;Pago;Asaas;49,90;ok;
13209933;JUREMA PARTICIPACOES EIRELI;62.010.448/0001-43;04/02/2026;Novo;Bp;Pago;Conta;170,00;ok;
13209850;MIRANTE DISTRIBUIDORA S/A;78426486000111;30/01/2026;Apoio;Jp;Pago;Conta;210,00;ok;
13210193;LAGOA ODONTOLOGIA LTDA;67624569000107;08/02/2026;Google;Ta;Pago;Conta;210,00;ok;
13214383;UNIAO MANUTENCAO LTDA;57.013.763/0001-94;01/01/2026;Renovacao;Mc;Pago;Asaas;210,00;ok;
13204708;ARARA SEGURANCA EIRELI;57.092.489/0001-96;09/01/2026;Indicacao;Wb;Pago;Asaas;280,00;aguardando nota;sim
13212675;PRISCILA REIS MELO;655.626.527-71;16/01/2026;Apoio;Pc;Pago;Asaas;210,00;falar com o contador;
13210766;  ARARA ALIMENTOS LTDA ;20.588.104/0001-76;02/02/2026;Apoio;Ab;Pago;Asaas;140,00;ok;
13200210;MARCOS AURELIO DIAS;23108217522;17/02/2026;Job Contabil;Pc;Pago;Asaas;49,90;;sim
13200359;DUNA PARTICIPACOES LTDA;11143887000193;19/01/2026;Novo;Jp;Pago;Asaas;230,00;ok;
13210132;BOREAL CONSULTORIA LTDA;34645221000139;14/01/2026;Job Contabil;Rm;Pago;Asaas;190,00;;sim
13206926;  RIACHO DISTRIBUIDORA LTDA ;66.791.449/0001-23;12/02/2026;Cert Novo;Jp;Em aberto;Conta;140,00;;
13212826;HORIZONTE ALIMENTOS LTDA;91301207000151;12/01/2026;Cert Novo;St;Pago;Conta;140,00;ok;
13202349;MARESIA COMERCIO LTDA;23.478.638/0001-38;11/01/2026;Contador;Et;Pago;Conta;49,90;ok;
13206061;EDUARDO COSTA LIMA;767.040.948-32;15/02/2026;Renovacao;Mc;Pago;Conta;110,00;ok;
13210660;JOAO VITOR ANDRADE;;21/01/2026;Renovacao;Fv;Pago;Asaas;140,00;ok;
13203931;FAROL ENGENHARIA EIRELI;62974446000174;05/01/2026;Renovacao;Fv;Pago;Conta;49,90;falar com o contador;sim
13211029;Gaia Imobiliaria Ltda;54744370000162;11/02/2026;Indicacao;Ta;Pago;Conta;110,00;ok;sim
13208887;UNIAO COMERCIO ME;22091011000167;27/02/2026;Novo;Bp;Pago;Conta;190,00;aguardando nota;sim
13212951;GUSTAVO COSTA LIMA;10124459453;10/01/2026;Job Contabil;Mc;Pago;Asaas;280,00;contato por e-mail;
13207877;SERRA DISTRIBUIDORA S/A;35.151.407/0001-02;29/01/2026;Contrato;Wb;Pago;Asaas;210,00;falar com o contador;
13206082;KAIRO EDUCACAO EIRELI;37.204.026/0001-61;09/02/2026;Contrato;Wb;Pago;Conta;280,00;;
13205944;  UNIAO EVENTOS LTDA ;77190758000164;02/02/2026;Google;Fv;Pago;Conta;280,00;;
13206057;DUNA CONSULTORIA S/A;97421887000123;26/01/2026;Novo;Jp;Pago;Asaas;210,00;ok;
13210000;ESTEIO MARKETING ME;51670777000102;17/02/2026;Contrato;Ds;Cortesia;Cortesia;210,00;;
13201705;LUCIANA TAVARES;90644437308;06/02/2026;Cert Novo;Ta;Pago;Asaas;210,00;;
13209296;FELIPE MACHADO;928.853.918-86;14/02/2026;Job Contabil;Rm;Pago;Asaas;170,00;;
13200257;ORION CONTABILIDADE S/A;38635609000100;18/02/2026;Novo;Ta;Pago;Asaas;350,00;ok;sim
13214324;LUMEN DISTRIBUIDORA LTDA;52.163.330/0001-00;23/02/2026;Renovacao;Fv;Pago;Asaas;49,90;;
13211132;ERVAL COMERCIO LTDA;60597559000172;25/02/2026;Contador;Ds;Pago;Asaas;280,00;ok;sim
13211675;VARANDA MANUTENCAO LTDA;44050193000160;15/02/2026;Job Contabil;Bp;Pago;Conta;210,00;ok;
13213723;PEDRA COMERCIO EIRELI;09113403000111;24/02/2026;Indicacao;St;Pago;Asaas;210,00;contato por e-mail;sim
13208792;PRIMA PARTICIPACOES EIRELI;42.659.910/0001-20;08/01/2026;Contador;Bp;Pago;Conta;210,00;aguardando nota;
13200027;  UNIAO IMOBILIARIA ME ;17585774000124;25/02/2026;Renovacao;Am;Pago;Asaas;49,90;ok;
13203682;Ipe Odontologia Ltda;68.240.825/0001-17;09/01/2026;Cert Novo;Pc;Pago;Conta;340,00;ok;
13208122;RIACHO PARTICIPACOES S/A;10453453000127;30/01/2026;Contrato;St;Pago;Asaas;340,00;contato por e-mail;sim
13205071;Xisto Seguranca Ltda;59.224.167/0001-89;02/02/2026;Contador;Ab;Pago;Conta;210,00;;sim
13202686;RODRIGO FONSECA;96523149378;13/02/2026;Google;Mc;Em aberto;Asaas;49,90;ok;
13201596;Alpha Transportes Me;65932987000129;06/01/2026;Novo;Wb;Pago;Asaas;170,00;;
13201268;  PRIMA MARKETING LTDA ;47.119.050/0001-56;11/01/2026;Contador;Pc;Pago;Asaas;210,00;falar com o contador;
13202879;RIACHO EVENTOS LTDA;89889415000171;11/02/2026;Cert Novo;Pc;Pago;Asaas;190,00;ok;
13202903;MARCOS AURELIO ANDRADE;458.466.814-43;20/01/2026;Cert Novo;Rm;Pago;Conta;210,00;ok;
13211993;SOLAR DISTRIBUIDORA LTDA;79.954.319/0001-06;08/01/2026;Cert Novo;Bp;Pago;Conta;140,00;aguardando nota;
13212225;PRIMA TRANSPORTES ME;29.884.665/0001-97;23/02/2026;Indicacao;Am;Pago;Conta;210,00;ok;
13208443;RIACHO ODONTOLOGIA ME;88802843000152;10/02/2026;Google;Jp;Pago;Asaas;340,00;falar com o contador;
13208180;  QUARTZO CONTABILIDADE S/A ;23341439000183;28/02/2026;Apoio;Am;Pago;Asaas;49,90;aguardando nota;
13211070;FAROL TECNOLOGIA ME;37.599.710/0001-90;02/01/2026;Cert Novo;Mc;Pago;Conta;110,00;;
13208029;LAGOA EVENTOS ME;39625883000160;03/01/2026;Contador;Ta;Em aberto;Asaas;170,00;ok;
13212369;DELTA ASSESSORIA S/A;16.239.030/0001-95;08/02/2026;Job Contabil;Wb;Pago;Asaas;340,00;;sim
13204747;QUARTZO ODONTOLOGIA LTDA;99172703000164;27/02/2026;Contador;Bp;Pago;Asaas;190,00;aguardando nota;
13207636;DELTA LOGISTICA S/A;73410032000139;02/02/2026;Contrato;St;Pago;Asaas;210,00;ok;
13203410;INVERNO MARKETING S/A;11949491000138;30/01/2026;Apoio;Pc;Pago;Asaas;170,00;contato por e-mail;
13205203;PEDRA ALIMENTOS EIRELI;67.686.730/0001-69;12/02/2026;Novo;St;Pago;Conta;49,90;ok;
13200429;Campo Logistica Ltda;81.484.662/0001-86;29/01/2026;Cert Novo;Pc;Pago;Asaas;360,00;ok;
13210279;RODRIGO NUNES ABREU;5272952100;20/02/2026;Novo;Ds;Em aberto;Conta;210,00;ok;
13201466;Prima Contabilidade Eireli;59692557000183;08/02/2026;Cert Novo;Ds;Pago;Asaas;210,00;;
13209341;MIRANTE TECNOLOGIA LTDA;65.735.585/0001-33;12/02/2026;Contrato;Ds;Pago;Conta;210,00;ok;sim
13214558;GAIA LOGISTICA LTDA;51.596.432/0001-48;12/01/2026;Contrato;Ta;Pago;Conta;340,00;;
13203759;IPE TECNOLOGIA ME;41175677000148;16/02/2026;Cert Novo;Bp;Em aberto;Conta;280,00;ok;sim
13206665;XISTO EVENTOS EIRELI;52503415000181;09/02/2026;Contador;Am;Em aberto;Conta;170,00;;
13201854;THIAGO SALES;38279496109;14/01/2026;Apoio;Bp;Pago;Asaas;140,00;ok;sim
13210734;NORTE TURISMO LTDA;22092791000160;11/02/2026;Job Contabil;Ta;Pago;Conta;210,00;ok;
13205757;Tamboril Logistica Eireli;50.037.603/0001-36;26/02/2026;Contador;Mc;Pago;Asaas;140,00;ok;sim
13202655;Farol Engenharia Eireli;38.145.330/0001-48;05/02/2026;Job Contabil;Pc;Em aberto;Conta;;contato por e-mail;
13212516;VANESSA PIRES;26745346314;25/01/2026;Google;Mc;Pago;Asaas;280,00;;
13206646;PRIMA ALIMENTOS ME;56216819000145;08/02/2026;Job Contabil;Rm;Pago;Conta;210,00;retornar dia 28;
13203958;CEDRO TECNOLOGIA S/A;97.548.311/0001-21;25/01/2026;Novo;St;Pago;Conta;340,00;falar com o contador;
13208710;INVERNO ENGENHARIA LTDA;92948246000108;09/02/2026;Apoio;Ab;Pago;Asaas;49,90;ok;
13205101;TAMBORIL DISTRIBUIDORA;70362283000105;12/02/2026;Contador;Am;Cortesia;Cortesia;210,00;falar com o contador;sim
13207751;FELIPE MORAES;03880782953;18/02/2026;Cert Novo;Bp;Em aberto;Conta;210,00;;
13212766;MARESIA IMOBILIARIA LTDA;70.206.270/0001-39;06/02/2026;Renovacao;Pc;Pago;Conta;210,00;aguardando nota;
13203797;UNIAO SERVICOS S/A;25634453000109;12/02/2026;Renovacao;So;Pago;Asaas;110,00;aguardando nota;sim
13209965;Varanda Servicos Ltda;85706974000148;01/01/2026;Cert Novo;Fv;Cortesia;Cortesia;280,00;;
13211172;LAGOA LOGISTICA EIRELI;70521190000178;24/02/2026;Job Contabil;Rm;Pago;Asaas;210,00;ok;sim
13202430;DELTA LOGISTICA EIRELI;99809096000109;25/01/2026;Contrato;Ds;Pago;Asaas;170,00;retornar dia 28;
13209356;TRILHA TURISMO LTDA;75081619000177;05/02/2026;Renovacao;St;Pago;Asaas;210,00;;
13211211;SOLAR SEGURANCA EIRELI;65569639000138;23/02/2026;Indicacao;Pc;Pago;Asaas;280,00;aguardando nota;
13202719;Duna Marketing Ltda;93755787000182;22/02/2026;Contador;Bp;Pago;Asaas;280,00;ok;
13208155;ALPHA IMOBILIARIA ME;88579939000101;20/02/2026;Job Contabil;Ta;Pago;Conta;140,00;;
13204169;  Quartzo Imobiliaria Eireli ;17.595.156/0001-65;15/01/2026;Novo;Jp;Em aberto;Conta;49,90;ok;
13201849;FONTE TURISMO S/A;20969238000137;01/02/2026;Google;Jp;Em aberto;Asaas;280,00;;sim
13210813;TAMBORIL ASSESSORIA S/A;38782082000146;11/02/2026;Renovacao;Mc;Em aberto;Asaas;110,00;;
13214301;LUMEN ALIMENTOS S/A;44317426000149;29/01/2026;Contrato;Fv;Pago;Asaas;210,00;retornar dia 28;
13211631;SIMONE DIAS;28426931326;14/01/2026;Novo;Rm;Pago;Asaas;170,00;;sim
13207571;IPE EVENTOS EIRELI;65033350000108;24/01/2026;Cert Novo;So;Pago;Conta;210,00;;
13206762;  SOLAR ASSESSORIA LTDA ;48253163000102;29/01/2026;Contrato;Ds;Pago;Asaas;210,00;ok;
13214241;TAMBORIL ALIMENTOS LTDA;44242977000190;04/01/2026;Cert Novo;Mc;Pago;Asaas;49,90;ok;sim
13207068;IPE ALIMENTOS LTDA;66496037000160;23/01/2026;Novo;Ta;Pago;Conta;340,00;;
13212027;  FAROL TURISMO S/A ;99736978000183;17/01/2026;Contador;Bp;Pago;Asaas;210,00;retornar dia 28;
13213606;KAIRO MARKETING EIRELI;94.295.776/0001-20;02/01/2026;Cert Novo;Bp;Pago;Conta;340,00;falar com o contador;
13213802;TAMBORIL COMERCIO ME;05174675000170;10/02/2026;Indicacao;Jp;Pago;Asaas;190,00;retornar dia 28;sim
13200449;ZENITE SERVICOS LTDA;26567281000152;10/01/2026;Renovacao;Ab;Pago;Asaas;190,00;;
13214453;  ARARA ALIMENTOS S/A ;69749021000100;28/02/2026;Apoio;Am;Em aberto;Asaas;140,00;ok;
13200248;BRISA SERVICOS EIRELI;17.294.797/0001-80;13/01/2026;Contrato;Et;Em aberto;Asaas;190,00;falar com o contador;
13205684;RENATA PIRES;371.830.437-09;27/02/2026;Cert Novo;Ds;Pago;Asaas;210,00;ok;
13203348;RENATA MORAES;24489388423;14/02/2026;Renovacao;Et;Pago;Conta;49,90;ok;
13205563;CEDRO PARTICIPACOES LTDA;67912472000191;21/01/2026;Contador;Rm;Em aberto;Conta;190,00;;
13205469;Simone Reis Melo;82364094283;06/02/2026;Google;Mc;Em aberto;Asaas;110,00;aguardando nota;
13203880;JUREMA ALIMENTOS S/A;75358234000104;19/02/2026;Google;St;Pago;Conta;190,00;ok;
13204444;LUMEN TECNOLOGIA LTDA;46967880000170;23/02/2026;Contador;So;Pago;Asaas;49,90;ok;
13204152;QUARTZO TECNOLOGIA LTDA;44.656.675/0001-69;28/01/2026;Google;Et;Pago;Conta;110,00;;
13201815;  QUARTZO TECNOLOGIA LTDA ;14024763000187;11/02/2026;Indicacao;Ds;Pago;Asaas;340,00;ok;
13202957;FAROL LOGISTICA LTDA;54942645000172;20/02/2026;Job Contabil;Et;Pago;Asaas;210,00;ok;
13201924;ORION ENGENHARIA EIRELI;35210936000121;06/01/2026;Contrato;Wb;Pago;Asaas;210,00;falar com o contador;
13208321;TRILHA EDUCACAO S/A;85.697.905/0001-15;12/02/2026;Novo;Et;Pago;Asaas;110,00;aguardando nota;
13205621;BRISA TECNOLOGIA ME;59.384.825/0001-08;02/01/2026;Apoio;Mc;Pago;Asaas;280,00;ok;sim
13206513;LEANDRO MACHADO;605.140.593-34;01/03/2026;Contador;Fv;Pago;Conta;340,00;aguardando nota;
13202371;JUREMA TRANSPORTES ME;91596333000180;25/01/2026;Job Contabil;Fv;Pago;Conta;280,00;;
13201218;Zenite Transportes Ltda;41990198000185;17/02/2026;Contador;So;Pago;Asaas;210,00;retornar dia 28;
13208512;INVERNO COMERCIO S/A;78.871.494/0001-77;05/01/2026;Novo;Et;Pago;Asaas;110,00;aguardando nota;
13213978;VERTICE TURISMO ME;62.953.875/0001-65;23/01/2026;Contador;Pc;Pago;Conta;110,00;ok;sim
13211665;KAIRO DISTRIBUIDORA S/A;97.463.418/0001-77;19/01/2026;Google;St;Em aberto;Conta;170,00;retornar dia 28;
13202136;RIACHO SEGURANCA LTDA;85.259.109/0001-09;04/01/2026;Apoio;Rm;Pago;Conta;210,00;;
13208807;RAIZ MANUTENCAO LTDA;52.718.329/0001-96;08/02/2026;Contador;Fv;Pago;Conta;210,00;contato por e-mail;
13201540;DELTA TURISMO S/A;00430178000172;16/01/2026;Novo;Ds;Pago;Asaas;110,00;retornar dia 28;sim
13206764;TRILHA IMOBILIARIA LTDA;62709866000123;27/01/2026;Renovacao;Mc;Cortesia;Cortesia;210,00;;
13205225;ESTEIO SERVICOS ME;21.301.169/0001-51;28/01/2026;Renovacao;Rm;Pago;Asaas;;aguardando nota;
13201912;ARARA ALIMENTOS S/A;80238682000104;24/01/2026;Job Contabil;Wb;Pago;Asaas;190,00;falar com o contador;
13205388;DELTA PARTICIPACOES ME;47444731000190;14/02/2026;Apoio;Wb;Pago;Asaas;340,00;contato por e-mail;
13202643;ZENITE COMERCIO LTDA;28.977.701/0001-02;24/01/2026;Novo;Pc;Pago;Asaas;170,00;falar com o contador;sim
13200843;NORTE ODONTOLOGIA EIRELI;99328614000164;02/02/2026;Novo;Mc;Pago;Asaas;210,00;;
13201228;Zenite Contabilidade Eireli;20107888000173;08/02/2026;Renovacao;Wb;Pago;Asaas;49,90;;sim
13200235;VARANDA ALIMENTOS LTDA;06757005000140;16/02/2026;Cert Novo;Jp;Pago;Asaas;290,00;retornar dia 28;sim
13205866;  RAIZ MARKETING ME ;57829002000105;26/02/2026;Indicacao;Ds;Pago;Asaas;170,00;;
13213757;  HORIZONTE DISTRIBUIDORA LTDA ;52.620.496/0001-08;22/02/2026;Contador;Et;Pago;Conta;110,00;aguardando nota;
13210330;Cedro Seguranca Me;34395743000120;24/02/2026;Cert Novo;Ab;Pago;Conta;280,00;ok;
13209847;MARESIA ENGENHARIA LTDA;47650331000130;26/02/2026;Novo;Ds;Pago;Asaas;190,00;ok;sim
13204109;RIACHO CONSULTORIA ME;40.544.496/0001-89;22/02/2026;Contrato;Ta;Cortesia;Cortesia;210,00;retornar dia 28;
13200924;  Camila Tavares ;50475269642;26/02/2026;Contrato;Am;Pago;Asaas;190,00;ok;sim
13209087;DUNA DISTRIBUIDORA LTDA;89128549000170;23/02/2026;Renovacao;Ta;Pago;Conta;190,00;aguardando nota;
13213042;IPE CONSULTORIA LTDA;23468821000152;29/01/2026;Cert Novo;Ds;Em aberto;Asaas;110,00;ok;sim
13208477;BOREAL EVENTOS S/A;83444926000101;04/01/2026;Google;Rm;Pago;Conta;210,00;;
13214376;FONTE LOGISTICA LTDA;95170317000182;16/02/2026;Novo;St;Em aberto;Asaas;49,90;ok;
13201589;CEDRO CONSULTORIA LTDA;12974465000122;21/02/2026;Apoio;Pc;Pago;Asaas;210,00;ok;
13207287;QUARTZO MANUTENCAO EIRELI;22970923000109;05/02/2026;Job Contabil;Jp;Pago;Asaas;110,00;;
13203660;SIMONE COSTA LIMA;575.947.322-51;21/01/2026;Google;St;Pago;Conta;110,00;contato por e-mail;
13205130;RENATA MENDES FARIA;41498225197;24/01/2026;Indicacao;So;Pago;Conta;110,00;ok;
13204955;QUARTZO IMOBILIARIA LTDA;26503767000127;20/01/2026;Contrato;Am;Cortesia;Cortesia;49,90;retornar dia 28;
13205275;DUNA EDUCACAO LTDA;1296611000191;12/02/2026;Google;Pc;Pago;Asaas;340,00;ok;
13209890;Vertice Assessoria Eireli;87966240000123;19/02/2026;Google;Ab;Pago;Conta;190,00;ok;sim
13211433;KAIRO COMERCIO LTDA;51.301.297/0001-66;11/02/2026;Novo;Et;Pago;Asaas;340,00;retornar dia 28;
13211505;TRILHA COMERCIO ME;20575915000132;03/01/2026;Contrato;Wb;Pago;Conta;280,00;aguardando nota;
13203558;XISTO TURISMO ME;27.630.102/0001-47;28/01/2026;Renovacao;Am;Pago;Asaas;140,00;;
13204654;MIRANTE SERVICOS LTDA;14.213.266/0001-27;01/01/2026;Contrato;Ds;Pago;Conta;210,00;;
13209969;OLIVEIRA IMOBILIARIA EIRELI;34.595.218/0001-58;06/01/2026;Cert Novo;St;Em aberto;Conta;49,90;ok;
13214052;FAROL SERVICOS S/A;27223120000104;28/01/2026;Novo;Jp;Pago;Asaas;190,00;;
13201674;  CAMPO EDUCACAO EIRELI ;;01/02/2026;Contador;Pc;Pago;Asaas;110,00;ok;
13203644;Campo Eventos Ltda;90.080.335/0001-50;05/02/2026;Indicacao;St;Pago;Conta;140,00;aguardando nota;sim
13202411;DUNA ODONTOLOGIA EIRELI;98.834.864/0001-03;08/02/2026;Google;Am;Pago;Conta;340,00;retornar dia 28;
13205238;PEDRA DISTRIBUIDORA ME;14.383.513/0001-33;17/02/2026;Apoio;So;Pago;Asaas;280,00;;sim
13211911;  FAROL MARKETING EIRELI ;13455550000147;26/02/2026;Novo;St;Pago;Conta;140,00;;
13212423;ARARA EVENTOS LTDA;60370917000100;01/02/2026;Contrato;Ds;Pago;Asaas;210,00;;
13213216;Norte Contabilidade Ltda;04690508000110;24/01/2026;Novo;Ab;Pago;Conta;49,90;aguardando nota;
13206874;MIRANTE ODONTOLOGIA LTDA;27.029.908/0001-84;31/01/2026;Renovacao;Ds;Pago;Conta;170,00;ok;
13210777;ZENITE MARKETING LTDA;77.668.385/0001-94;22/01/2026;Cert Novo;Mc;Pago;Conta;210,00;ok;sim
13204528;INVERNO DISTRIBUIDORA EIRELI;75662837000103;21/02/2026;Contrato;Fv;Pago;Conta;190,00;aguardando nota;
13202657;BOREAL TURISMO S/A;04512732000112;09/01/2026;Contador;Bp;Em aberto;Conta;340,00;;
13200511;ESTEIO ENGENHARIA S/A;65503571000194;08/01/2026;Novo;Ab;Pago;Asaas;300,00;;sim
13201903;MIRANTE TRANSPORTES LTDA;01883310000164;03/02/2026;Cert Novo;Jp;Pago;Asaas;210,00;;sim
13207929;Oliveira Eventos Me;00.551.324/0001-18;12/01/2026;Indicacao;Jp;Pago;Asaas;210,00;aguardando nota;
13207821;  BRISA TURISMO S/A ;58.179.712/0001-08;17/02/2026;Renovacao;Ab;Pago;Asaas;110,00;contato por e-mail;
13208388;IPE CONTABILIDADE LTDA;86583833000148;09/02/2026;Google;Ds;Pago;Conta;170,00;ok;sim
13208701;  LAGOA EVENTOS LTDA ;21.367.775/0001-70;14/02/2026;Contrato;Bp;Pago;Asaas;340,00;aguardando nota;
13206315;JOAO VITOR COSTA LIMA;624.284.084-47;24/02/2026;Apoio;Jp;Cortesia;Cortesia;210,00;falar com o contador;
13210093;SERRA MANUTENCAO EIRELI;;26/01/2026;Indicacao;Am;Pago;Asaas;170,00;aguardando nota;
13212588;BRISA EDUCACAO LTDA;90248273000142;15/02/2026;Apoio;Pc;Pago;Conta;190,00;aguardando nota;sim
13214124;CEDRO IMOBILIARIA EIRELI;68.432.634/0001-57;31/01/2026;Google;St;Em aberto;Conta;210,00;;
13200476;MIRANTE LOGISTICA S/A;60510713000127;01/03/2026;Novo;Ds;Pago;Asaas;260,00;;
13200744;HORIZONTE TRANSPORTES LTDA;40430000137;23/01/2026;Renovacao;Ta;Pago;Asaas;220,00;retornar dia 28;
13202062;BOREAL SERVICOS LTDA;23832829000156;16/01/2026;Indicacao;Ta;Pago;Conta;140,00;ok;
13212882;LAGOA PARTICIPACOES LTDA;56.637.507/0001-05;31/01/2026;Contrato;Et;Pago;Asaas;340,00;ok;
13208230;TRILHA COMERCIO LTDA;69274731000121;25/02/2026;Contador;Fv;Pago;Conta;280,00;aguardando nota;
13208284;ERVAL EVENTOS EIRELI;22773136000177;09/01/2026;Renovacao;Bp;Pago;Conta;49,90;ok;sim
13205608;Kairo Imobiliaria Ltda;66248720000189;28/01/2026;Indicacao;Rm;Pago;Conta;170,00;ok;
13206651;ARARA EVENTOS LTDA;39279990000184;04/02/2026;Contador;Pc;Em aberto;Conta;210,00;;sim
13213435;SERRA COMERCIO ME;91383649000194;31/01/2026;Google;Mc;Pago;Conta;140,00;ok;
13200867;ESTEIO CONSULTORIA ME;03171882000146;06/01/2026;Cert Novo;Rm;Pago;Asaas;140,00;ok;
13211142;SOLAR ALIMENTOS S/A;10778373000141;28/02/2026;Contrato;Am;Em aberto;Conta;210,00;;sim
13201856;THIAGO SALES;38279496109;14/01/2026;Apoio;Bp;Pago;Asaas;140,00;;sim
13201643;ERVAL MARKETING LTDA;22989506000108;08/01/2026;Job Contabil;Ds;Pago;Asaas;49,90;retornar dia 28;
13207626;Maresia Eventos Me;65981775000130;01/01/2026;Novo;St;Pago;Asaas;340,00;retornar dia 28;
13212291;VARANDA CONTABILIDADE LTDA;43419637000120;15/01/2026;Google;So;Pago;Asaas;140,00;ok;
13200306;Orion Turismo Me;22.728.126/0001-10;26/01/2026;Indicacao;Mc;Pago;Asaas;180,00;;
13205934;Renata Pires;16902251331;26/01/2026;Cert Novo;Am;Pago;Asaas;210,00;;sim
13204282;VANESSA CARVALHO;90008213218;08/02/2026;Apoio;Ds;Pago;Conta;210,00;aguardando nota;sim
13201976;RAIZ IMOBILIARIA LTDA;71.382.474/0001-93;13/01/2026;Renovacao;Fv;Pago;Asaas;210,00;;
13214477;EDUARDO RAMOS;89957858300;30/01/2026;Novo;St;Pago;Asaas;210,00;falar com o contador;
13201754;BOREAL ENGENHARIA ME;44.576.782/0001-87;12/02/2026;Google;Ab;Pago;Asaas;49,90;ok;
13203531;CEDRO DISTRIBUIDORA LTDA;88.186.984/0001-98;27/02/2026;Novo;So;Pago;Asaas;340,00;contato por e-mail;sim
13210273;GAIA COMERCIO ME;02.331.917/0001-02;13/01/2026;Cert Novo;Ab;Pago;Conta;210,00;retornar dia 28;
13203131;ALPHA MANUTENCAO S/A;93536219000190;22/01/2026;Renovacao;Jp;Em aberto;Conta;170,00;aguardando nota;
13213512;Fonte Imobiliaria Ltda;36.925.395/0001-80;18/01/2026;Indicacao;Rm;Pago;Asaas;340,00;ok;
13206468;CEDRO SERVICOS LTDA;97477931000117;01/03/2026;Google;Ta;Pago;Conta;210,00;falar com o contador;sim
13205153;  LEANDRO PIRES ;86293934262;07/01/2026;Cert Novo;Wb;Em aberto;Conta;170,00;retornar dia 28;sim
13212320;  THIAGO RAMOS ;89067418440;28/02/2026;Job Contabil;Mc;Pago;Asaas;140,00;retornar dia 28;sim
13204919;ORION DISTRIBUIDORA EIRELI;74.771.831/0001-01;22/02/2026;Contador;Wb;Pago;Conta;280,00;ok;
13207187;GUSTAVO RAMOS;662.627.304-24;19/01/2026;Cert Novo;Fv;Pago;Conta;210,00;ok;
13201988;MARESIA MARKETING EIRELI;49739440000154;11/02/2026;Contrato;Ab;Pago;Asaas;280,00;falar com o contador;
13202337;GAIA SERVICOS EIRELI;98.438.981/0001-58;17/02/2026;Cert Novo;Jp;Pago;Asaas;280,00;aguardando nota;sim
13203359;Renata Nunes Abreu;05004378439;28/01/2026;Renovacao;Jp;Pago;Conta;210,00;;
13209756;PEDRA COMERCIO LTDA;22.740.383/0001-77;13/01/2026;Novo;Mc;Pago;Conta;49,90;ok;
13201119;BOREAL CONSULTORIA LTDA;37.666.895/0001-08;07/02/2026;Renovacao;Wb;Pago;Asaas;110,00;;sim
13201761;DELTA CONSULTORIA ME;25571362000163;17/02/2026;Novo;Ta;Pago;Asaas;140,00;ok;
13209808;ESTEIO IMOBILIARIA;89738578000153;10/01/2026;Job Contabil;Ta;Pago;Conta;140,00;retornar dia 28;
13209138;HORIZONTE LOGISTICA EIRELI;67643331000110;04/01/2026;Contador;Wb;Em aberto;Asaas;280,00;;sim
13213133;JUREMA TURISMO LTDA;43086783000180;14/01/2026;Contrato;Ds;Pago;Conta;170,00;aguardando nota;sim
13213060;MIRANTE LOGISTICA EIRELI;24.091.593/0001-07;13/02/2026;Contador;Ta;Pago;Asaas;210,00;ok;
13208589;  PRIMA LOGISTICA EIRELI ;73.765.736/0001-24;15/02/2026;Contador;Et;Pago;Asaas;210,00;ok;
13207526;Inverno Educacao Me;62339022000138;24/02/2026;Renovacao;Mc;Pago;Conta;210,00;ok;
13207049;MIRANTE ASSESSORIA ME;03984259000102;19/01/2026;Novo;Fv;Pago;Conta;280,00;ok;
13212052;LUMEN ASSESSORIA LTDA;56.275.027/0001-41;30/01/2026;Contador;Et;Em aberto;Asaas;110,00;contato por e-mail;
13210842;RIACHO TRANSPORTES S/A;48.410.928/0001-70;04/01/2026;Indicacao;Jp;Pago;Asaas;140,00;;
13205584;NORTE TURISMO LTDA;01374988000111;04/01/2026;Apoio;Fv;Em aberto;Asaas;210,00;retornar dia 28;
13202255;FAROL PARTICIPACOES LTDA;;19/01/2026;Novo;Et;Pago;Conta;340,00;ok;sim
13208052;DELTA PARTICIPACOES LTDA;31.000.891/0001-00;06/02/2026;Job Contabil;Ds;Em aberto;Asaas;170,00;ok;
13210197;DELTA SEGURANCA ME;00908158000164;04/01/2026;Cert Novo;Ds;Cortesia;Cortesia;190,00;;
13205835;GIRASSOL SEGURANCA EIRELI;48152028000170;07/01/2026;Cert Novo;So;Cortesia;Cortesia;190,00;;
13214001;VANESSA REIS MELO;325.632.442-27;24/02/2026;Contrato;Fv;Pago;Asaas;190,00;ok;
13210140;Alpha Odontologia Ltda;88.076.252/0001-45;27/02/2026;Job Contabil;Mc;Pago;Conta;49,90;;
13203376;NORTE TECNOLOGIA LTDA;21060795000101;16/02/2026;Contador;Fv;Pago;Conta;210,00;contato por e-mail;
13206127;ALPHA EDUCACAO S/A;71877491000100;01/01/2026;Cert Novo;Am;Pago;Asaas;280,00;contato por e-mail;
13200010;GIRASSOL TURISMO;11186158000114;12/02/2026;Cert Novo;Ta;Pago;Asaas;340,00;falar com o contador;
13205297;HORIZONTE ASSESSORIA LTDA;77295069000114;13/01/2026;Contrato;Fv;Pago;Asaas;190,00;contato por e-mail;
13211366;  ARARA COMERCIO LTDA ;81105761000100;03/02/2026;Apoio;Ta;Pago;Conta;280,00;ok;
13214622;Kairo Educacao Me;65.491.078/0001-00;26/01/2026;Cert Novo;Pc;Pago;Conta;210,00;aguardando nota;
13209114;BOREAL LOGISTICA EIRELI;85.651.903/0001-95;14/02/2026;Renovacao;Pc;Pago;Asaas;170,00;retornar dia 28;
13201778;SOLAR IMOBILIARIA S/A;70418389000175;13/01/2026;Indicacao;Jp;Pago;Asaas;170,00;ok;
13207848;SIMONE REIS MELO;91540672771;11/02/2026;Novo;Mc;Pago;Asaas;170,00;retornar dia 28;
13205744;TRILHA PARTICIPACOES EIRELI;19.588.417/0001-45;06/02/2026;Renovacao;Ds;Pago;Conta;210,00;retornar dia 28;
13205350;MARESIA CONTABILIDADE S/A;16111103000169;04/01/2026;Contrato;Ta;Pago;Asaas;170,00;ok;sim
13212107;DUNA TRANSPORTES LTDA;24627684000114;11/01/2026;Contador;Pc;Em aberto;Asaas;190,00;ok;sim
13206958;Carlos Eduardo Teixeira;322.233.251-88;06/02/2026;Cert Novo;Et;Pago;Asaas;280,00;ok;
13209058;Girassol Assessoria Ltda;60.507.017/0001-61;04/02/2026;Renovacao;Rm;Pago;Asaas;49,90;ok;sim
13201700;LUCIANA TAVARES;90644437308;06/02/2026;Cert Novo;Ta;Pago;Asaas;210,00;contato por e-mail;
13206397;VARANDA COMERCIO ME;22903633000142;06/01/2026;Novo;Wb;Em aberto;Conta;210,00;aguardando nota;
13207737;JUREMA LOGISTICA LTDA;83.556.441/0001-00;23/01/2026;Cert Novo;Pc;Pago;Asaas;210,00;;
13200769;FONTE TRANSPORTES LTDA;53.104.152/0001-09;19/01/2026;Apoio;Bp;Pago;Asaas;210,00;retornar dia 28;
13206064;ALPHA COMERCIO ME;38761520000190;05/01/2026;Job Contabil;Wb;Pago;Conta;49,90;contato por e-mail;
13213374;CEDRO TECNOLOGIA ME;12520501000188;11/01/2026;Novo;Ab;Em aberto;Conta;49,90;falar com o contador;
13209520;NORTE EDUCACAO S/A;30.442.228/0001-00;29/01/2026;Novo;Bp;Pago;Asaas;210,00;;
13214435;HORIZONTE LOGISTICA LTDA;62174351000176;03/01/2026;Cert Novo;Ab;Pago;Conta;170,00;ok;
13209778;GAIA EVENTOS EIRELI;33.719.084/0001-77;01/02/2026;Indicacao;Fv;Pago;Asaas;190,00;falar com o contador;
13206442;MARESIA TRANSPORTES EIRELI;89424697000131;15/01/2026;Cert Novo;Jp;Pago;Conta;170,00;contato por e-mail;
13210822;KAIRO MANUTENCAO ME;10215314000165;19/02/2026;Renovacao;Bp;Cortesia;Cortesia;210,00;ok;sim
13201591;Alpha Transportes Me;65932987000129;06/01/2026;Novo;Wb;Pago;Asaas;170,00;;
13213660;ZENITE TURISMO ME;45959973000190;06/01/2026;Renovacao;Ds;Pago;Conta;190,00;contato por e-mail;sim
13212592;Boreal Marketing Ltda;49.087.983/0001-34;31/01/2026;Contrato;Ta;Em aberto;Conta;170,00;contato por e-mail;sim
13210592;TAMBORIL MARKETING ME;92341327000145;19/02/2026;Renovacao;Pc;Cortesia;Cortesia;340,00;falar com o contador;
13213345;MIRANTE TECNOLOGIA LTDA;05.692.169/0001-73;01/03/2026;Contrato;Et;Em aberto;Asaas;210,00;;sim
13209306;CEDRO MANUTENCAO LTDA;42.343.770/0001-87;07/02/2026;Indicacao;Wb;Pago;Asaas;190,00;;
13213986;  DUNA ASSESSORIA ME ;78202724000105;26/02/2026;Indicacao;Ab;Cortesia;Cortesia;140,00;;
13211661;VERTICE ODONTOLOGIA LTDA;36.703.857/0001-15;25/01/2026;Indicacao;Bp;Pago;Conta;110,00;;
13204325;NORTE PARTICIPACOES EIRELI;73.184.358/0001-95;12/02/2026;Contador;Rm;Pago;Conta;170,00;ok;
13203841;ESTEIO ASSESSORIA EIRELI;31291589000158;01/03/2026;Cert Novo;Rm;Pago;Asaas;49,90;falar com o contador;sim
13210525;Ana Beatriz Andrade;71870150673;26/01/2026;Apoio;Pc;Pago;Asaas;210,00;retornar dia 28;
13207214;Alpha Turismo Eireli;75.573.045/0001-54;26/02/2026;Apoio;Pc;Pago;Asaas;210,00;;
13209443;TRILHA EDUCACAO EIRELI;20065666000135;30/01/2026;Novo;Ds;Pago;Asaas;340,00;falar com o contador;
13209215;CAMPO SERVICOS EIRELI;93698624000105;19/01/2026;Renovacao;Ds;Pago;Asaas;170,00;ok;sim
13208849;INVERNO ALIMENTOS LTDA;73.950.416/0001-44;28/01/2026;Contrato;Fv;Pago;Conta;190,00;ok;
13204752;ZENITE IMOBILIARIA EIRELI;77.814.860/0001-93;01/02/2026;Google;Jp;Pago;Asaas;210,00;ok;sim
13210009;VERTICE MANUTENCAO LTDA;39875031000121;10/02/2026;Indicacao;Ab;Pago;Conta;190,00;ok;
13203093;  DELTA EDUCACAO ME ;33908788000198;23/01/2026;Contador;Am;Pago;Conta;210,00;;
13212140;Farol Distribuidora Eireli;43907155000119;06/02/2026;Contrato;Bp;Pago;Conta;110,00;retornar dia 28;
13210363;RAIZ SEGURANCA S/A;01860060000147;21/02/2026;Contrato;Jp;Pago;Asaas;340,00;ok;
13214008;GIRASSOL IMOBILIARIA LTDA;39050643000185;06/01/2026;Apoio;Ab;Cortesia;Cortesia;170,00;ok;sim
13205424;Ana Beatriz Costa Lima;99458814092;13/02/2026;Google;Rm;Em aberto;Asaas;210,00;ok;
13210870;RIACHO ALIMENTOS EIRELI;17197357000104;21/02/2026;Cert Novo;Et;Pago;Conta;210,00;ok;
13208747;Kairo Transportes S/A;847518000165;06/02/2026;Apoio;Jp;Pago;Conta;49,90;retornar dia 28;
13211730;ERVAL SERVICOS LTDA;36929623000190;07/01/2026;Job Contabil;St;Em aberto;Asaas;110,00;ok;
13213569;XISTO PARTICIPACOES EIRELI;00.393.462/0001-16;24/01/2026;Contador;Et;Em aberto;Conta;210,00;;sim
13200338;RAIZ TECNOLOGIA LTDA;02063133000132;20/01/2026;Renovacao;Ab;Em aberto;Asaas;220,00;retornar dia 28;
13200902;Oliveira Alimentos S/A;67.566.765/0001-64;17/01/2026;Contador;Jp;Pago;Asaas;210,00;aguardando nota;
13205003;PRISCILA REIS MELO;78861434581;10/02/2026;Google;Fv;Pago;Asaas;110,00;ok;
13202849;VARANDA LOGISTICA LTDA;77600108000140;03/01/2026;Contador;Jp;Em aberto;Asaas;280,00;contato por e-mail;
13206168;CAMILA PIRES;16429403593;13/01/2026;Indicacao;Mc;Pago;Conta;110,00;retornar dia 28;sim
13214591;ORION TRANSPORTES ME;71252172000109;21/02/2026;Apoio;Fv;Cortesia;Cortesia;190,00;aguardando nota;sim
13214533;BOREAL CONSULTORIA EIRELI;92944277000190;09/01/2026;Cert Novo;Fv;Pago;Asaas;170,00;contato por e-mail;
13206982;VERTICE ODONTOLOGIA S/A;50950779000185;16/01/2026;Cert Novo;Bp;Pago;Asaas;170,00;ok;sim
13206803;ORION ALIMENTOS LTDA;19.306.570/0001-32;16/01/2026;Novo;Wb;Pago;Conta;49,90;retornar dia 28;
13210552;ALPHA PARTICIPACOES;50157269000154;21/01/2026;Contador;Jp;Pago;Conta;110,00;contato por e-mail;
13202758;RIACHO DISTRIBUIDORA S/A;09414613000140;08/02/2026;Contrato;Et;Pago;Asaas;140,00;ok;
13214015;VANESSA CARVALHO;;24/02/2026;Renovacao;Bp;Pago;Conta;49,90;ok;
13211109;KAIRO TRANSPORTES LTDA;68174422000117;20/01/2026;Novo;St;Em aberto;Conta;140,00;;
13208545;TRILHA PARTICIPACOES EIRELI;81.410.087/0001-77;01/02/2026;Novo;Wb;Cortesia;Cortesia;49,90;falar com o contador;
13204084;Trilha Manutencao S/A;91992050000158;28/01/2026;Contrato;So;Pago;Asaas;210,00;;
13201673;  CAMPO EDUCACAO EIRELI ;;01/02/2026;Contador;Pc;Pago;Asaas;110,00;aguardando nota;
13207790;DELTA ASSESSORIA LTDA;25459998000118;14/01/2026;Novo;Rm;Pago;Conta;280,00;;sim
13201530;MARIANA CARVALHO;84030134596;20/01/2026;Cert Novo;Pc;Pago;Asaas;340,00;;
13204726;JOAO VITOR NUNES ABREU;09551765000195;01/02/2026;Job Contabil;Bp;Cortesia;Cortesia;190,00;contato por e-mail;
13205637;OLIVEIRA LOGISTICA ME;56806944000105;26/01/2026;Google;Mc;Cortesia;Cortesia;110,00;aguardando nota;
13202170;RAIZ EVENTOS S/A;68931996000192;20/01/2026;Novo;Pc;Em aberto;Asaas;210,00;;
13201593;CEDRO CONSULTORIA LTDA;12974465000122;21/02/2026;Apoio;Pc;Pago;Asaas;210,00;falar com o contador;
13201339;KAIRO SERVICOS S/A;08.467.881/0001-67;24/01/2026;Renovacao;Bp;Pago;Asaas;210,00;falar com o contador;
13202564;THIAGO MACHADO;43585068079;24/02/2026;Contrato;Bp;Pago;Asaas;170,00;;sim
13213994;Joao Vitor Fonseca;22250977994;26/01/2026;Contador;Ds;Cortesia;Cortesia;210,00;falar com o contador;sim
13202748;TAMBORIL MARKETING EIRELI;01.182.365/0001-47;25/01/2026;Novo;So;Pago;Asaas;110,00;falar com o contador;sim
13200452;ZENITE MANUTENCAO LTDA;81500401000102;02/02/2026;Indicacao;Am;Pago;Asaas;190,00;aguardando nota;sim
13201996;BOREAL IMOBILIARIA ME;80.160.812/0001-33;14/02/2026;Apoio;Ab;Pago;Conta;110,00;falar com o contador;
13204902;JUREMA ODONTOLOGIA ME;43685960000145;13/02/2026;Renovacao;Mc;Em aberto;Asaas;280,00;ok;
13207199;VARANDA TURISMO LTDA;15507333000189;16/02/2026;Contador;So;Pago;Conta;190,00;falar com o contador;
13202163;INVERNO PARTICIPACOES S/A;01809992000165;17/02/2026;Google;Ta;Pago;Asaas;210,00;aguardando nota;sim
13203896;PATRICIA FONSECA;509.144.841-82;08/02/2026;Job Contabil;St;Pago;Conta;280,00;;
13202282;VARANDA ASSESSORIA EIRELI;79300828000115;09/02/2026;Indicacao;Pc;Em aberto;Asaas;210,00;falar com o contador;
13211130;CEDRO EDUCACAO EIRELI;37053436000159;01/02/2026;Job Contabil;Wb;Pago;Asaas;340,00;ok;sim
13209355;XISTO MARKETING LTDA;54114051000173;14/02/2026;Job Contabil;Ab;Pago;Conta;190,00;falar com o contador;sim
13203199;CEDRO ALIMENTOS LTDA;90.935.785/0001-87;05/02/2026;Apoio;Mc;Pago;Conta;110,00;aguardando nota;
13206263;QUARTZO MANUTENCAO LTDA;79.333.122/0001-50;15/01/2026;Indicacao;Et;Pago;Asaas;210,00;aguardando nota;
13210221;SOLAR COMERCIO LTDA;42667614000171;23/01/2026;Job Contabil;Ds;Em aberto;Asaas;280,00;contato por e-mail;
13210698;IPE MARKETING EIRELI;68.640.593/0001-94;21/01/2026;Contrato;Ab;Pago;Conta;340,00;;sim
13214560;  Lagoa Alimentos Ltda ;45047839000113;20/02/2026;Indicacao;Bp;Pago;Asaas;210,00;retornar dia 28;
13209004;MIRANTE ODONTOLOGIA LTDA;12.451.846/0001-27;12/02/2026;Job Contabil;Fv;Pago;Conta;210,00;retornar dia 28;
13201907;ARARA ALIMENTOS S/A;80238682000104;24/01/2026;Job Contabil;Wb;Pago;Asaas;190,00;;
13200455;GAIA ODONTOLOGIA LTDA;13433629000177;18/01/2026;Novo;Jp;Em aberto;Asaas;150,00;ok;sim
13214325;NORTE PARTICIPACOES LTDA;34304239000177;24/02/2026;Job Contabil;Rm;Pago;Asaas;210,00;retornar dia 28;
13202407;ERVAL MANUTENCAO LTDA;20307989000198;09/01/2026;Indicacao;Ds;Cortesia;Cortesia;280,00;falar com o contador;
13210904;MIRANTE CONTABILIDADE S/A;57831615000187;04/01/2026;Apoio;Wb;Pago;Conta;190,00;aguardando nota;
13209190;PEDRA CONTABILIDADE LTDA;01674629000180;04/01/2026;Novo;Et;Pago;Conta;170,00;ok;sim
13212806;NORTE TECNOLOGIA LTDA;55034437000138;24/02/2026;Job Contabil;Ab;Pago;Asaas;210,00;ok;
13207882;CAMPO SERVICOS ME;79.145.674/0001-34;28/02/2026;Job Contabil;Rm;Pago;Asaas;210,00;ok;
13202028;GAIA MANUTENCAO LTDA;85684641000165;21/02/2026;Renovacao;Mc;Pago;Conta;280,00;falar com o contador;
13211996;MARESIA DISTRIBUIDORA LTDA;44.849.527/0001-60;10/01/2026;Renovacao;Am;Cortesia;Cortesia;110,00;falar com o contador;
13201881;  SIMONE COSTA LIMA ;43892764539;28/01/2026;Contador;Wb;Em aberto;Asaas;140,00;ok;
13210428;ARARA ASSESSORIA LTDA;47.622.544/0001-59;24/01/2026;Contrato;Ta;Cortesia;Cortesia;210,00;retornar dia 28;sim
13207567;FAROL ASSESSORIA LTDA;93965954000110;23/01/2026;Apoio;St;Pago;Conta;49,90;falar com o contador;sim
13205795;CAMPO LOGISTICA LTDA;00089303000122;26/02/2026;Contador;Jp;Pago;Conta;110,00;;
13203708;ZENITE CONSULTORIA LTDA;36584432000134;14/02/2026;Cert Novo;Ta;Pago;Conta;170,00;ok;
13205508;CAMPO SEGURANCA EIRELI;04470443000105;12/01/2026;Google;Wb;Pago;Conta;110,00;ok;sim
13204247;EDUARDO TAVARES;99148560473;26/01/2026;Novo;Ds;Pago;Conta;210,00;aguardando nota;
13203167;MARIANA MACHADO;29299436102;10/01/2026;Cert Novo;Jp;Pago;Conta;210,00;;
13211855;SIMONE CARVALHO;23142042768;15/01/2026;Contador;Wb;Pago;Asaas;190,00;contato por e-mail;
13206507;INVERNO ENGENHARIA LTDA;27156754000191;13/02/2026;Novo;Fv;Pago;Conta;170,00;;
13202147;VERTICE TECNOLOGIA LTDA;25646962000143;03/01/2026;Contador;Ta;Pago;Conta;280,00;ok;
13204339;BOREAL LOGISTICA LTDA;63.881.746/0001-71;14/02/2026;Contrato;Ta;Pago;Asaas;49,90;falar com o contador;
13201884;  SIMONE COSTA LIMA ;43892764539;28/01/2026;Contador;Wb;Em aberto;Asaas;140,00;aguardando nota;
13202534;  Oliveira Logistica Ltda ;25.926.840/0001-00;16/02/2026;Contrato;Mc;Em aberto;Conta;170,00;;
13204370;FAROL IMOBILIARIA LTDA;13.320.862/0001-43;01/02/2026;Apoio;Mc;Cortesia;Cortesia;190,00;ok;
13214218;JUREMA TECNOLOGIA LTDA;69512562000110;16/02/2026;Google;Ab;Pago;Conta;340,00;falar com o contador;
13211301;EDUARDO DIAS;928.758.759-70;04/01/2026;Contrato;Ds;Pago;Conta;280,00;ok;
13212908;CAMPO PARTICIPACOES LTDA;53663810000194;04/01/2026;Google;Ab;Pago;Asaas;140,00;ok;sim
13202425;MARESIA ASSESSORIA EIRELI;76263213000178;31/01/2026;Cert Novo;Pc;Cortesia;Cortesia;210,00;ok;
13205786;VANESSA FONSECA;984.390.505-75;07/01/2026;Indicacao;Rm;Pago;Conta;110,00;;
13212357;RIACHO LOGISTICA S/A;85415369000118;12/01/2026;Google;Ta;Em aberto;Conta;340,00;ok;
13208353;RAIZ MARKETING S/A;70762443000103;06/01/2026;Cert Novo;Mc;Pago;Conta;170,00;falar com o contador;
13204625;TAMBORIL IMOBILIARIA;44842714000112;02/02/2026;Renovacao;So;Pago;Asaas;210,00;ok;
13209164;BOREAL TURISMO LTDA;30333891000169;12/01/2026;Job Contabil;Ta;Pago;Conta;280,00;falar com o contador;
13208621;RODRIGO FONSECA;907.416.992-93;22/01/2026;Contrato;Jp;Pago;Asaas;170,00;aguardando nota;
13201723;MARESIA PARTICIPACOES ME;62751231000194;01/03/2026;Cert Novo;St;Pago;Asaas;140,00;retornar dia 28;
13207381;GAIA TRANSPORTES LTDA;09742921000102;03/01/2026;Cert Novo;Wb;Pago;Asaas;190,00;ok;
13202033;Joao Vitor Teixeira;220.937.114-41;15/01/2026;Google;Ds;Pago;Asaas;;falar com o contador;
13204712;CEDRO MANUTENCAO LTDA;33709549000109;27/01/2026;Contrato;Ab;Em aberto;Asaas;210,00;falar com o contador;
13205966;RAIZ ENGENHARIA;24026357000107;01/01/2026;Contador;Et;Pago;Asaas;190,00;;
13208936;  UNIAO MANUTENCAO LTDA ;57151714000118;03/01/2026;Renovacao;Jp;Pago;Asaas;;falar com o contador;
13208716;SOLAR MANUTENCAO LTDA;66.085.474/0001-91;24/02/2026;Apoio;Ds;Pago;Asaas;210,00;aguardando nota;
13213741;ERVAL SERVICOS LTDA;77.333.529/0001-51;02/02/2026;Indicacao;St;Pago;Conta;210,00;falar com o contador;
13203977;BRISA ASSESSORIA ME;38304710000188;07/01/2026;Google;Ds;Em aberto;Asaas;210,00;retornar dia 28;sim
13200785;Erval Marketing Ltda;86.211.791/0001-14;30/01/2026;Indicacao;Et;Pago;Asaas;190,00;aguardando nota;
13209572;PRIMA ODONTOLOGIA;14901615000101;05/01/2026;Job Contabil;So;Pago;Conta;210,00;ok;sim
13201780;SOLAR IMOBILIARIA S/A;70418389000175;13/01/2026;Indicacao;Jp;Pago;Asaas;170,00;falar com o contador;
13214123;Tamboril Imobiliaria Eireli;55898874000108;10/02/2026;Google;Mc;Em aberto;Asaas;280,00;ok;
13202836;Alpha Transportes Ltda;14612613000194;30/01/2026;Contador;Ab;Em aberto;Asaas;340,00;ok;
13201845;FONTE TURISMO S/A;20969238000137;01/02/2026;Google;Jp;Em aberto;Asaas;280,00;;sim
13205369;ARARA EVENTOS ME;86.436.279/0001-76;23/02/2026;Contrato;Wb;Pago;Asaas;210,00;aguardando nota;
13208219;ORION SEGURANCA S/A;82555743000192;20/02/2026;Contador;Ds;Pago;Conta;110,00;;
13210936;BOREAL CONTABILIDADE LTDA;81724698000190;11/01/2026;Google;So;Pago;Asaas;140,00;aguardando nota;sim
13203013;Arara Odontologia Me;29734592000157;20/02/2026;Renovacao;Et;Pago;Asaas;210,00;ok;
13205716;MARESIA TECNOLOGIA ME;05131304000101;14/02/2026;Apoio;Mc;Pago;Conta;140,00;;
13200108;Vertice Turismo Me;96.355.394/0001-70;01/02/2026;Novo;Fv;Pago;Asaas;340,00;contato por e-mail;
13212482;ERVAL EVENTOS LTDA;59435732000157;31/01/2026;Contrato;Rm;Pago;Asaas;210,00;ok;
13210167;RIACHO SERVICOS LTDA;12229137000100;27/02/2026;Apoio;So;Pago;Asaas;280,00;contato por e-mail;
13206178;OLIVEIRA PARTICIPACOES ME;30.782.002/0001-40;12/01/2026;Novo;Et;Pago;Conta;340,00;aguardando nota;
13201945;ARARA EVENTOS EIRELI;52852273000168;11/02/2026;Novo;Am;Em aberto;Asaas;140,00;contato por e-mail;
13209615;Orion Assessoria Eireli;76212347000160;01/01/2026;Apoio;Ds;Pago;Conta;;;
13214143;  ORION CONTABILIDADE ME ;30334807000121;27/02/2026;Job Contabil;Pc;Pago;Asaas;210,00;retornar dia 28;
13205867;MARESIA CONTABILIDADE LTDA;65804689000152;15/01/2026;Cert Novo;Wb;Cortesia;Cortesia;190,00;contato por e-mail;
13203845;LAGOA ODONTOLOGIA EIRELI;49458372000155;29/01/2026;Novo;St;Pago;Conta;110,00;falar com o contador;
13203590;JUREMA PARTICIPACOES S/A;24548218000143;21/01/2026;Novo;Mc;Pago;Conta;;;
13204531;OLIVEIRA SEGURANCA S/A;86363117000155;20/01/2026;Cert Novo;Rm;Cortesia;Cortesia;140,00;ok;
13203954;  CARLOS EDUARDO FONSECA ;23556715221;06/02/2026;Cert Novo;Bp;Pago;Asaas;190,00;ok;
13212697;TRILHA EDUCACAO S/A;13.150.890/0001-60;04/01/2026;Apoio;Wb;Pago;Conta;49,90;ok;sim
13212906;VARANDA DISTRIBUIDORA LTDA;63440120000120;09/02/2026;Indicacao;Fv;Em aberto;Asaas;210,00;;
13213267;FAROL MARKETING LTDA;55038332000157;21/01/2026;Indicacao;So;Pago;Asaas;210,00;ok;sim
13209121;SERRA ASSESSORIA LTDA;22899359000185;13/02/2026;Indicacao;Ab;Pago;Asaas;190,00;ok;
13204486;IPE CONTABILIDADE S/A;09380594000188;09/01/2026;Apoio;Ab;Pago;Conta;210,00;ok;
13212368;IPE CONTABILIDADE EIRELI;04.022.400/0001-59;21/02/2026;Novo;Fv;Cortesia;Cortesia;170,00;;
13209654;SOLAR TECNOLOGIA S/A;16201805000133;05/02/2026;Contador;Ta;Pago;Asaas;49,90;;
13212374;TAMBORIL SERVICOS EIRELI;88.047.756/0001-37;25/01/2026;Job Contabil;Ta;Em aberto;Asaas;190,00;;
13213793;Norte Manutencao Ltda;99935337000158;25/01/2026;Renovacao;Am;Em aberto;Conta;49,90;;
13209552;NORTE ALIMENTOS LTDA;31442026000113;25/01/2026;Cert Novo;Jp;Pago;Conta;110,00;ok;
13207876;VERTICE IMOBILIARIA S/A;39635715000156;24/02/2026;Indicacao;Fv;Pago;Conta;190,00;;
13209577;Horizonte Servicos Eireli;92425156000132;01/01/2026;Contador;Mc;Em aberto;Conta;170,00;aguardando nota;
13212416;TAMBORIL ODONTOLOGIA S/A;01676453000103;07/01/2026;Novo;Wb;Pago;Conta;170,00;aguardando nota;
13201398;ESTEIO MARKETING S/A;64.401.087/0001-91;27/02/2026;Renovacao;Ds;Pago;Asaas;49,90;ok;
13207596;BRISA EDUCACAO EIRELI;08.880.670/0001-51;04/02/2026;Cert Novo;Ds;Pago;Asaas;210,00;ok;
13201766;DELTA CONSULTORIA ME;25571362000163;17/02/2026;Novo;Ta;Pago;Asaas;140,00;aguardando nota;
13201307;UNIAO TECNOLOGIA S/A;02938502000193;18/02/2026;Cert Novo;Mc;Pago;Asaas;340,00;ok;
13203072;MARESIA ODONTOLOGIA LTDA;36934135000171;15/02/2026;Renovacao;Et;Cortesia;Cortesia;49,90;retornar dia 28;
13211990;ZENITE SEGURANCA EIRELI;71.330.607/0001-88;19/02/2026;Contador;Jp;Pago;Asaas;280,00;aguardando nota;
13204685;DELTA SEGURANCA LTDA;37711805000153;26/02/2026;Renovacao;Ds;Cortesia;Cortesia;170,00;ok;sim
13207601;Felipe Costa Lima;56651359372;10/02/2026;Renovacao;Fv;Pago;Conta;140,00;;sim
13211291;FAROL ALIMENTOS EIRELI;06.349.917/0001-82;30/01/2026;Cert Novo;Rm;Pago;Asaas;110,00;contato por e-mail;
13213694;ORION MARKETING LTDA;07800146000160;25/02/2026;Apoio;Ds;Pago;Asaas;340,00;;
13212525;ANA BEATRIZ TEIXEIRA;44992846555;05/02/2026;Google;Am;Em aberto;Conta;210,00;;
13202503;MIRANTE MANUTENCAO;62952523000195;22/01/2026;Indicacao;Et;Pago;Asaas;49,90;aguardando nota;
13209800;ARARA TRANSPORTES ME;51.124.909/0001-92;06/01/2026;Contrato;Ds;Pago;Asaas;190,00;aguardando nota;
13201997;SERRA COMERCIO S/A;16807947000149;01/02/2026;Indicacao;St;Pago;Asaas;210,00;;
13202443;  IPE EDUCACAO LTDA ;57866725000184;03/01/2026;Renovacao;Bp;Em aberto;Conta;190,00;contato por e-mail;sim
13214089;THIAGO BARROS;888.734.127-05;04/02/2026;Contador;Jp;Pago;Asaas;210,00;contato por e-mail;sim
13200667;XISTO LOGISTICA LTDA;70787640000179;13/02/2026;Contrato;Ta;Em aberto;Asaas;310,00;ok;
13211532;NORTE ASSESSORIA LTDA;46.520.799/0001-48;13/01/2026;Contrato;Ds;Cortesia;Cortesia;110,00;falar com o contador;
13206704;ALPHA ASSESSORIA LTDA;81959910000106;09/01/2026;Google;Fv;Pago;Conta;110,00;ok;sim
